Record Length,2500,Points,-2.2000002E-3,400.00000596E-3,
Sample Interval,9.999999747E-6,s,-2.1900001E-3,400.00000596E-3,
Trigger Point,220.00002765,Samples,-2.1800003E-3,400.00000596E-3,
,,,-2.1700002E-3,400.00000596E-3,
,,,-2.1600001E-3,400.00000596E-3,
,,,-2.1500003E-3,400.00000596E-3,
Source,CH2,,-2.1400002E-3,400.00000596E-3,
Vertical Units,Volts,,-2.1300002E-3,800.000011921E-3,
Vertical Scale,10.0000001,,-2.1200003E-3,400.00000596E-3,
Vertical Offset,0,,-2.1100002E-3,400.00000596E-3,
Horizontal Units,s,,-2.1000002E-3,400.00000596E-3,
Horizontal Scale,2.4999999E-3,,-2.0900003E-3,400.00000596E-3,
Pt Fmt,Y,,-2.0800002E-3,400.00000596E-3,
Yzero,-2.0400000,,-2.0700002E-3,400.00000596E-3,
Probe Atten,10.0000000,,-2.0600003E-3,0.0,
,,,-2.0500002E-3,800.000011921E-3,
Note,TDS 2022B - 4:16:39 PM   4/15/2025,,-2.0400002E-3,0.0,
,,,-2.0300003E-3,400.00000596E-3,
,,,-2.0200002E-3,400.00000596E-3,
,,,-2.0100002E-3,800.000011921E-3,
,,,-2.0000003E-3,400.00000596E-3,
,,,-1.9900003E-3,800.000011921E-3,
,,,-1.9800002E-3,400.00000596E-3,
,,,-1.9700003E-3,400.00000596E-3,
,,,-1.9600003E-3,400.00000596E-3,
,,,-1.9500002E-3,800.000011921E-3,
,,,-1.9400002E-3,400.00000596E-3,
,,,-1.9300003E-3,400.00000596E-3,
,,,-1.9200002E-3,400.00000596E-3,
,,,-1.9100002E-3,400.00000596E-3,
,,,-1.9000003E-3,400.00000596E-3,
,,,-1.8900002E-3,400.00000596E-3,
,,,-1.8800002E-3,400.00000596E-3,
,,,-1.8700003E-3,400.00000596E-3,
,,,-1.8600002E-3,400.00000596E-3,
,,,-1.8500002E-3,800.000011921E-3,
,,,-1.8400003E-3,400.00000596E-3,
,,,-1.8300002E-3,800.000011921E-3,
,,,-1.8200002E-3,400.00000596E-3,
,,,-1.8100003E-3,400.00000596E-3,
,,,-1.8000002E-3,400.00000596E-3,
,,,-1.7900002E-3,400.00000596E-3,
,,,-1.7800003E-3,400.00000596E-3,
,,,-1.7700002E-3,400.00000596E-3,
,,,-1.7600002E-3,400.00000596E-3,
,,,-1.7500003E-3,400.00000596E-3,
,,,-1.7400002E-3,400.00000596E-3,
,,,-1.7300003E-3,400.00000596E-3,
,,,-1.7200003E-3,400.00000596E-3,
,,,-1.7100002E-3,400.00000596E-3,
,,,-1.7000003E-3,400.00000596E-3,
,,,-1.6900002E-3,400.00000596E-3,
,,,-1.6800002E-3,400.00000596E-3,
,,,-1.6700003E-3,400.00000596E-3,
,,,-1.6600002E-3,400.00000596E-3,
,,,-1.6500002E-3,400.00000596E-3,
,,,-1.6400003E-3,0.0,
,,,-1.6300002E-3,800.000011921E-3,
,,,-1.6200002E-3,400.00000596E-3,
,,,-1.6100003E-3,400.00000596E-3,
,,,-1.6000002E-3,400.00000596E-3,
,,,-1.5900002E-3,400.00000596E-3,
,,,-1.5800003E-3,400.00000596E-3,
,,,-1.5700002E-3,400.00000596E-3,
,,,-1.5600002E-3,400.00000596E-3,
,,,-1.5500003E-3,400.00000596E-3,
,,,-1.5400002E-3,400.00000596E-3,
,,,-1.5300002E-3,800.000011921E-3,
,,,-1.5200003E-3,400.00000596E-3,
,,,-1.5100002E-3,400.00000596E-3,
,,,-1.5000002E-3,400.00000596E-3,
,,,-1.4900003E-3,800.000011921E-3,
,,,-1.4800002E-3,400.00000596E-3,
,,,-1.4700003E-3,800.000011921E-3,
,,,-1.4600003E-3,400.00000596E-3,
,,,-1.4500002E-3,400.00000596E-3,
,,,-1.4400003E-3,0.0,
,,,-1.4300003E-3,400.00000596E-3,
,,,-1.4200002E-3,400.00000596E-3,
,,,-1.4100003E-3,400.00000596E-3,
,,,-1.4000002E-3,400.00000596E-3,
,,,-1.3900002E-3,400.00000596E-3,
,,,-1.3800003E-3,0.0,
,,,-1.3700002E-3,400.00000596E-3,
,,,-1.3600002E-3,400.00000596E-3,
,,,-1.3500003E-3,400.00000596E-3,
,,,-1.3400002E-3,400.00000596E-3,
,,,-1.3300002E-3,800.000011921E-3,
,,,-1.3200003E-3,400.00000596E-3,
,,,-1.3100002E-3,400.00000596E-3,
,,,-1.3000002E-3,400.00000596E-3,
,,,-1.2900003E-3,400.00000596E-3,
,,,-1.2800002E-3,0.0,
,,,-1.2700002E-3,400.00000596E-3,
,,,-1.2600003E-3,400.00000596E-3,
,,,-1.2500002E-3,400.00000596E-3,
,,,-1.2400002E-3,0.0,
,,,-1.2300003E-3,400.00000596E-3,
,,,-1.2200002E-3,400.00000596E-3,
,,,-1.2100002E-3,400.00000596E-3,
,,,-1.2000003E-3,400.00000596E-3,
,,,-1.1900002E-3,400.00000596E-3,
,,,-1.1800003E-3,0.0,
,,,-1.1700003E-3,400.00000596E-3,
,,,-1.1600002E-3,400.00000596E-3,
,,,-1.1500003E-3,800.000011921E-3,
,,,-1.1400003E-3,0.0,
,,,-1.1300002E-3,400.00000596E-3,
,,,-1.1200003E-3,400.00000596E-3,
,,,-1.1100003E-3,400.00000596E-3,
,,,-1.1000002E-3,400.00000596E-3,
,,,-1.0900003E-3,400.00000596E-3,
,,,-1.0800003E-3,400.00000596E-3,
,,,-1.0700002E-3,400.00000596E-3,
,,,-1.0600003E-3,400.00000596E-3,
,,,-1.0500002E-3,400.00000596E-3,
,,,-1.0400002E-3,400.00000596E-3,
,,,-1.0300003E-3,400.00000596E-3,
,,,-1.0200002E-3,400.00000596E-3,
,,,-1.0100002E-3,800.000011921E-3,
,,,-1.0000003E-3,400.00000596E-3,
,,,-990.000204183E-6,400.00000596E-3,
,,,-980.000244454E-6,400.00000596E-3,
,,,-970.000226516E-6,400.00000596E-3,
,,,-960.000266787E-6,400.00000596E-3,
,,,-950.000248849E-6,800.000011921E-3,
,,,-940.000230912E-6,400.00000596E-3,
,,,-930.000271183E-6,800.000011921E-3,
,,,-920.000253245E-6,400.00000596E-3,
,,,-910.000235308E-6,400.00000596E-3,
,,,-900.000275578E-6,400.00000596E-3,
,,,-890.000257641E-6,400.00000596E-3,
,,,-880.000239704E-6,400.00000596E-3,
,,,-870.000279974E-6,400.00000596E-3,
,,,-860.000262037E-6,400.00000596E-3,
,,,-850.000244100E-6,400.00000596E-3,
,,,-840.000226162E-6,400.00000596E-3,
,,,-830.000266433E-6,400.00000596E-3,
,,,-820.000248495E-6,400.00000596E-3,
,,,-810.000230558E-6,400.00000596E-3,
,,,-800.000270829E-6,400.00000596E-3,
,,,-790.000252891E-6,800.000011921E-3,
,,,-780.000234954E-6,400.00000596E-3,
,,,-770.000275224E-6,400.00000596E-3,
,,,-760.000257287E-6,400.00000596E-3,
,,,-750.000239350E-6,400.00000596E-3,
,,,-740.000279620E-6,400.00000596E-3,
,,,-730.000261683E-6,400.00000596E-3,
,,,-720.000243746E-6,400.00000596E-3,
,,,-710.000284016E-6,400.00000596E-3,
,,,-700.000266079E-6,400.00000596E-3,
,,,-690.000248142E-6,400.00000596E-3,
,,,-680.000288412E-6,400.00000596E-3,
,,,-670.000270475E-6,400.00000596E-3,
,,,-660.000252537E-6,400.00000596E-3,
,,,-650.000234600E-6,400.00000596E-3,
,,,-640.000274871E-6,400.00000596E-3,
,,,-630.000256933E-6,400.00000596E-3,
,,,-620.000238996E-6,400.00000596E-3,
,,,-610.000279266E-6,400.00000596E-3,
,,,-600.000261329E-6,400.00000596E-3,
,,,-590.000243392E-6,400.00000596E-3,
,,,-580.000283662E-6,400.00000596E-3,
,,,-570.000265725E-6,400.00000596E-3,
,,,-560.000247788E-6,400.00000596E-3,
,,,-550.000288058E-6,400.00000596E-3,
,,,-540.000270121E-6,400.00000596E-3,
,,,-530.000252184E-6,800.000011921E-3,
,,,-520.000234246E-6,400.00000596E-3,
,,,-510.000274517E-6,400.00000596E-3,
,,,-500.000256579E-6,400.00000596E-3,
,,,-490.000238642E-6,400.00000596E-3,
,,,-480.000278912E-6,400.00000596E-3,
,,,-470.000260975E-6,400.00000596E-3,
,,,-460.000272142E-6,400.00000596E-3,
,,,-450.000254204E-6,800.000011921E-3,
,,,-440.000265371E-6,400.00000596E-3,
,,,-430.000276538E-6,400.00000596E-3,
,,,-420.000258600E-6,400.00000596E-3,
,,,-410.000269767E-6,400.00000596E-3,
,,,-400.00025183E-6,400.00000596E-3,
,,,-390.00026300E-6,400.00000596E-3,
,,,-380.00027416E-6,400.00000596E-3,
,,,-370.00025623E-6,400.00000596E-3,
,,,-360.00026739E-6,400.00000596E-3,
,,,-350.00027856E-6,400.00000596E-3,
,,,-340.00026062E-6,400.00000596E-3,
,,,-330.00027179E-6,800.000011921E-3,
,,,-320.00028295E-6,400.00000596E-3,
,,,-310.00026502E-6,400.00000596E-3,
,,,-300.00027618E-6,400.00000596E-3,
,,,-290.00025825E-6,400.00000596E-3,
,,,-280.00026941E-6,400.00000596E-3,
,,,-270.00028058E-6,800.000011921E-3,
,,,-260.00026264E-6,400.00000596E-3,
,,,-250.00027381E-6,400.00000596E-3,
,,,-240.00027042E-6,400.00000596E-3,
,,,-230.00026704E-6,800.000011921E-3,
,,,-220.00027820E-6,400.00000596E-3,
,,,-210.00027482E-6,400.00000596E-3,
,,,-200.00027143E-6,400.00000596E-3,
,,,-190.00026805E-6,400.00000596E-3,
,,,-180.00026466E-6,400.00000596E-3,
,,,-170.00027583E-6,400.00000596E-3,
,,,-160.00027244E-6,400.00000596E-3,
,,,-150.00026906E-6,400.00000596E-3,
,,,-140.0002802E-6,400.00000596E-3,
,,,-130.0002768E-6,800.000011921E-3,
,,,-120.0002735E-6,400.00000596E-3,
,,,-110.0002701E-6,400.00000596E-3,
,,,-100.0002740E-6,400.00000596E-3,
,,,-90.000277851E-6,400.00000596E-3,
,,,-80.000274465E-6,400.00000596E-3,
,,,-70.000271080E-6,400.00000596E-3,
,,,-60.000274971E-6,400.00000596E-3,
,,,-50.00027522E-6,400.00000596E-3,
,,,-40.00027548E-6,400.00000596E-3,
,,,-30.00027573E-6,400.00000596E-3,
,,,-20.0002760E-6,400.00000596E-3,
,,,-10.0002762E-6,800.000011921E-3,
,,,-276.48638821E-12,0.0,
,,,9.999723261E-6,400.00000596E-3,
,,,19.9997230E-6,0.0,
,,,29.99972276E-6,400.00000596E-3,
,,,39.99972250E-6,400.00000596E-3,
,,,49.99972225E-6,6.00000000,
,,,59.999721998E-6,7.20000029,
,,,69.999718107E-6,12.0000000,
,,,79.999721493E-6,13.1999998,
,,,89.999724878E-6,16.8000011,
,,,99.999720987E-6,17.6000004,
,,,109.9997171E-6,20.39999962,
,,,119.9997205E-6,20.80000114,
,,,129.9997239E-6,23.20000076,
,,,139.9997273E-6,24.00000000,
,,,149.99971609E-6,25.60000038,
,,,159.99971947E-6,25.60000038,
,,,169.99972286E-6,26.80000114,
,,,179.99971169E-6,26.39999962,
,,,189.99971508E-6,27.20000076,
,,,199.99971846E-6,27.60000038,
,,,209.99972185E-6,28.00000000,
,,,219.99972523E-6,27.60000038,
,,,229.99971407E-6,28.00000000,
,,,239.99971745E-6,27.60000038,
,,,249.99972084E-6,28.00000000,
,,,259.99970967E-6,27.20000076,
,,,269.99972761E-6,27.60000038,
,,,279.99971644E-6,26.39999962,
,,,289.99970527E-6,27.20000076,
,,,299.99972321E-6,25.60000038,
,,,309.99971204E-6,26.39999962,
,,,319.99970088E-6,21.60000038,
,,,329.99971882E-6,25.60000038,
,,,339.99970765E-6,19.6000004,
,,,349.99972559E-6,21.20000076,
,,,359.99971442E-6,20.0000000,
,,,369.99970325E-6,20.80000114,
,,,379.99972119E-6,20.80000114,
,,,389.99971002E-6,21.60000038,
,,,399.99972796E-6,21.60000038,
,,,409.999716794E-6,22.39999962,
,,,419.999705628E-6,22.39999962,
,,,429.999723565E-6,23.20000076,
,,,439.999712398E-6,23.60000038,
,,,449.999701232E-6,24.39999962,
,,,459.999719169E-6,24.39999962,
,,,469.999708002E-6,26.00000000,
,,,479.999696836E-6,26.00000000,
,,,489.999714773E-6,27.20000076,
,,,499.999732710E-6,27.20000076,
,,,509.999692440E-6,28.39999962,
,,,519.999710377E-6,28.39999962,
,,,529.999728315E-6,29.60000038,
,,,539.999688044E-6,29.60000038,
,,,549.999705981E-6,30.80000114,
,,,559.999723919E-6,30.80000114,
,,,569.999683648E-6,32.00000000,
,,,579.999701586E-6,31.60000038,
,,,589.999719523E-6,32.79999924,
,,,599.999679253E-6,32.79999924,
,,,609.999697190E-6,33.60000229,
,,,619.999715127E-6,34.00000000,
,,,629.999733064E-6,34.40000153,
,,,639.999692794E-6,34.40000153,
,,,649.999710731E-6,35.20000076,
,,,659.999728668E-6,34.79999924,
,,,669.999688398E-6,35.60000229,
,,,679.999706335E-6,35.60000229,
,,,689.999724273E-6,36.00000000,
,,,699.999684002E-6,35.20000076,
,,,709.999701940E-6,36.00000000,
,,,719.999719877E-6,35.20000076,
,,,729.999679606E-6,36.00000000,
,,,739.999697544E-6,35.20000076,
,,,749.999715481E-6,35.60000229,
,,,759.999733418E-6,34.40000153,
,,,769.999693148E-6,35.20000076,
,,,779.999711085E-6,34.00000000,
,,,789.999729022E-6,34.79999924,
,,,799.999688752E-6,33.20000076,
,,,809.999706689E-6,34.00000000,
,,,819.999724627E-6,32.40000153,
,,,829.999684356E-6,32.79999924,
,,,839.999702293E-6,30.80000114,
,,,849.999720231E-6,32.40000153,
,,,859.999679960E-6,29.60000038,
,,,869.999697898E-6,31.20000076,
,,,879.999715835E-6,28.80000114,
,,,889.999675564E-6,30.00000000,
,,,899.999693502E-6,27.20000076,
,,,909.999711439E-6,28.39999962,
,,,919.999671169E-6,23.20000076,
,,,929.999689106E-6,27.20000076,
,,,939.999707043E-6,20.80000114,
,,,949.999724980E-6,22.39999962,
,,,959.999684710E-6,21.20000076,
,,,969.999702647E-6,21.60000038,
,,,979.999662377E-6,21.60000038,
,,,989.999738522E-6,22.00000000,
,,,999.999698251E-6,22.00000000,
,,,1.0099997E-3,22.80000114,
,,,1.0199997E-3,22.80000114,
,,,1.0299997E-3,24.00000000,
,,,1.0399997E-3,24.00000000,
,,,1.0499997E-3,24.80000114,
,,,1.0599997E-3,24.80000114,
,,,1.0699996E-3,26.00000000,
,,,1.0799997E-3,26.00000000,
,,,1.0899997E-3,27.20000076,
,,,1.0999996E-3,27.20000076,
,,,1.1099997E-3,28.39999962,
,,,1.1199997E-3,28.39999962,
,,,1.1299996E-3,29.20000076,
,,,1.1399997E-3,29.60000038,
,,,1.1499997E-3,30.80000114,
,,,1.1599998E-3,30.80000114,
,,,1.1699997E-3,31.60000038,
,,,1.1799997E-3,31.60000038,
,,,1.1899997E-3,32.79999924,
,,,1.1999997E-3,32.79999924,
,,,1.2099997E-3,33.60000229,
,,,1.2199997E-3,33.60000229,
,,,1.2299997E-3,34.40000153,
,,,1.2399997E-3,34.40000153,
,,,1.2499997E-3,34.79999924,
,,,1.2599997E-3,34.79999924,
,,,1.2699997E-3,35.20000076,
,,,1.2799997E-3,34.79999924,
,,,1.2899997E-3,35.60000229,
,,,1.2999997E-3,35.20000076,
,,,1.3099997E-3,35.60000229,
,,,1.3199997E-3,34.79999924,
,,,1.3299996E-3,35.20000076,
,,,1.3399997E-3,34.40000153,
,,,1.3499997E-3,35.20000076,
,,,1.3599996E-3,34.00000000,
,,,1.3699997E-3,34.79999924,
,,,1.3799997E-3,33.20000076,
,,,1.3899996E-3,34.00000000,
,,,1.3999997E-3,32.40000153,
,,,1.4099997E-3,33.20000076,
,,,1.4199996E-3,31.60000038,
,,,1.4299997E-3,32.40000153,
,,,1.4399997E-3,30.39999962,
,,,1.4499996E-3,31.60000038,
,,,1.4599997E-3,29.20000076,
,,,1.4699997E-3,30.00000000,
,,,1.4799996E-3,28.00000000,
,,,1.4899997E-3,29.20000076,
,,,1.4999997E-3,26.80000114,
,,,1.5099997E-3,28.00000000,
,,,1.5199997E-3,22.80000114,
,,,1.5299997E-3,26.39999962,
,,,1.5399997E-3,20.39999962,
,,,1.5499997E-3,22.00000000,
,,,1.5599997E-3,20.39999962,
,,,1.5699997E-3,21.20000076,
,,,1.5799997E-3,21.20000076,
,,,1.5899997E-3,21.60000038,
,,,1.5999997E-3,21.60000038,
,,,1.6099997E-3,22.39999962,
,,,1.6199996E-3,22.39999962,
,,,1.6299997E-3,23.20000076,
,,,1.6399997E-3,23.20000076,
,,,1.6499996E-3,24.00000000,
,,,1.6599997E-3,24.00000000,
,,,1.6699997E-3,24.80000114,
,,,1.6799996E-3,25.20000076,
,,,1.6899997E-3,26.39999962,
,,,1.6999997E-3,26.39999962,
,,,1.7099996E-3,27.60000038,
,,,1.7199997E-3,27.20000076,
,,,1.7299997E-3,28.39999962,
,,,1.7399996E-3,28.80000114,
,,,1.7499997E-3,29.60000038,
,,,1.7599997E-3,30.00000000,
,,,1.7699996E-3,30.39999962,
,,,1.7799997E-3,30.39999962,
,,,1.7899997E-3,31.60000038,
,,,1.7999997E-3,31.60000038,
,,,1.8099997E-3,32.40000153,
,,,1.8199997E-3,32.40000153,
,,,1.8299997E-3,33.20000076,
,,,1.8399997E-3,32.79999924,
,,,1.8499997E-3,33.60000229,
,,,1.8599997E-3,33.60000229,
,,,1.8699997E-3,34.40000153,
,,,1.8799996E-3,34.00000000,
,,,1.8899997E-3,34.79999924,
,,,1.8999997E-3,34.00000000,
,,,1.9099996E-3,34.40000153,
,,,1.9199997E-3,34.00000000,
,,,1.9299997E-3,34.40000153,
,,,1.9399996E-3,33.60000229,
,,,1.9499997E-3,34.00000000,
,,,1.9599996E-3,33.20000076,
,,,1.9699996E-3,33.60000229,
,,,1.9799997E-3,32.40000153,
,,,1.9899998E-3,33.20000076,
,,,1.9999996E-3,31.60000038,
,,,2.0099997E-3,32.40000153,
,,,2.0199998E-3,30.80000114,
,,,2.0299996E-3,31.60000038,
,,,2.0399997E-3,29.60000038,
,,,2.0499998E-3,30.80000114,
,,,2.0599996E-3,28.80000114,
,,,2.0699997E-3,29.60000038,
,,,2.0799998E-3,27.60000038,
,,,2.0899996E-3,28.39999962,
,,,2.0999997E-3,26.00000000,
,,,2.1099998E-3,27.20000076,
,,,2.1199996E-3,22.39999962,
,,,2.1299997E-3,26.00000000,
,,,2.1399998E-3,20.0000000,
,,,2.1499996E-3,21.60000038,
,,,2.1599997E-3,20.39999962,
,,,2.1699998E-3,20.80000114,
,,,2.1799996E-3,20.80000114,
,,,2.1899997E-3,21.20000076,
,,,2.1999998E-3,20.80000114,
,,,2.2099996E-3,22.00000000,
,,,2.2199997E-3,22.00000000,
,,,2.2299998E-3,22.80000114,
,,,2.2399996E-3,23.20000076,
,,,2.2499997E-3,24.00000000,
,,,2.2599997E-3,24.00000000,
,,,2.2699996E-3,24.80000114,
,,,2.2799997E-3,24.80000114,
,,,2.2899997E-3,26.00000000,
,,,2.2999996E-3,26.39999962,
,,,2.3099997E-3,27.20000076,
,,,2.3199997E-3,27.20000076,
,,,2.3299996E-3,28.39999962,
,,,2.3399997E-3,28.39999962,
,,,2.3499997E-3,29.60000038,
,,,2.3599996E-3,29.20000076,
,,,2.3699997E-3,30.39999962,
,,,2.3799997E-3,30.39999962,
,,,2.3899996E-3,31.20000076,
,,,2.3999996E-3,31.60000038,
,,,2.4099997E-3,32.00000000,
,,,2.4199996E-3,32.00000000,
,,,2.4299996E-3,32.79999924,
,,,2.4399997E-3,32.40000153,
,,,2.4499996E-3,33.20000076,
,,,2.4599996E-3,33.20000076,
,,,2.4699997E-3,34.00000000,
,,,2.4799996E-3,33.60000229,
,,,2.4899996E-3,34.00000000,
,,,2.4999997E-3,33.20000076,
,,,2.5099996E-3,34.00000000,
,,,2.5199996E-3,33.20000076,
,,,2.5299997E-3,34.00000000,
,,,2.5399996E-3,33.20000076,
,,,2.5499996E-3,33.60000229,
,,,2.5599997E-3,32.40000153,
,,,2.5699995E-3,33.20000076,
,,,2.5799996E-3,31.60000038,
,,,2.5899997E-3,32.40000153,
,,,2.5999998E-3,30.80000114,
,,,2.6099996E-3,32.00000000,
,,,2.6199997E-3,30.39999962,
,,,2.6299998E-3,31.20000076,
,,,2.6399996E-3,29.20000076,
,,,2.6499997E-3,30.39999962,
,,,2.6599998E-3,28.00000000,
,,,2.6699996E-3,29.20000076,
,,,2.6799997E-3,27.20000076,
,,,2.6899998E-3,28.00000000,
,,,2.6999996E-3,25.60000038,
,,,2.7099997E-3,26.80000114,
,,,2.71999976E-3,21.60000038,
,,,2.72999960E-3,25.60000038,
,,,2.73999968E-3,19.6000004,
,,,2.74999975E-3,21.20000076,
,,,2.75999960E-3,19.6000004,
,,,2.76999967E-3,20.39999962,
,,,2.77999975E-3,20.0000000,
,,,2.78999959E-3,20.80000114,
,,,2.79999967E-3,20.80000114,
,,,2.80999974E-3,21.60000038,
,,,2.81999959E-3,21.60000038,
,,,2.82999966E-3,22.39999962,
,,,2.83999974E-3,22.39999962,
,,,2.84999958E-3,23.20000076,
,,,2.85999966E-3,23.20000076,
,,,2.86999973E-3,24.39999962,
,,,2.87999958E-3,24.00000000,
,,,2.88999965E-3,25.20000076,
,,,2.89999973E-3,25.20000076,
,,,2.90999957E-3,26.00000000,
,,,2.91999965E-3,26.39999962,
,,,2.92999973E-3,27.60000038,
,,,2.93999957E-3,27.20000076,
,,,2.94999965E-3,28.39999962,
,,,2.95999972E-3,28.39999962,
,,,2.96999956E-3,29.60000038,
,,,2.97999964E-3,29.20000076,
,,,2.98999972E-3,30.00000000,
,,,2.99999956E-3,30.00000000,
,,,3.00999964E-3,31.20000076,
,,,3.01999971E-3,31.20000076,
,,,3.02999956E-3,32.00000000,
,,,3.03999963E-3,31.60000038,
,,,3.04999971E-3,32.40000153,
,,,3.05999955E-3,32.40000153,
,,,3.06999963E-3,32.79999924,
,,,3.07999970E-3,32.40000153,
,,,3.08999955E-3,33.20000076,
,,,3.09999962E-3,32.40000153,
,,,3.10999970E-3,33.20000076,
,,,3.11999954E-3,32.40000153,
,,,3.12999962E-3,33.20000076,
,,,3.13999970E-3,32.00000000,
,,,3.14999954E-3,32.79999924,
,,,3.15999961E-3,31.60000038,
,,,3.16999969E-3,32.40000153,
,,,3.17999953E-3,31.20000076,
,,,3.18999961E-3,31.60000038,
,,,3.19999969E-3,30.39999962,
,,,3.20999953E-3,31.20000076,
,,,3.21999961E-3,29.60000038,
,,,3.22999968E-3,30.39999962,
,,,3.23999953E-3,28.00000000,
,,,3.24999960E-3,29.60000038,
,,,3.25999968E-3,27.60000038,
,,,3.26999975E-3,28.39999962,
,,,3.27999960E-3,26.39999962,
,,,3.28999967E-3,27.20000076,
,,,3.29999975E-3,24.80000114,
,,,3.30999959E-3,26.39999962,
,,,3.31999967E-3,21.20000076,
,,,3.32999974E-3,24.80000114,
,,,3.33999959E-3,19.2000008,
,,,3.34999966E-3,20.39999962,
,,,3.35999974E-3,19.2000008,
,,,3.36999958E-3,20.0000000,
,,,3.37999966E-3,19.6000004,
,,,3.38999974E-3,20.39999962,
,,,3.39999958E-3,20.39999962,
,,,3.40999966E-3,20.80000114,
,,,3.41999973E-3,21.20000076,
,,,3.42999958E-3,22.00000000,
,,,3.43999965E-3,22.00000000,
,,,3.44999973E-3,22.80000114,
,,,3.45999957E-3,22.80000114,
,,,3.46999965E-3,24.00000000,
,,,3.47999972E-3,24.00000000,
,,,3.48999957E-3,24.80000114,
,,,3.49999964E-3,24.80000114,
,,,3.50999972E-3,26.00000000,
,,,3.51999956E-3,26.00000000,
,,,3.52999964E-3,27.20000076,
,,,3.53999971E-3,27.20000076,
,,,3.54999956E-3,28.00000000,
,,,3.55999963E-3,28.39999962,
,,,3.56999971E-3,29.20000076,
,,,3.57999955E-3,28.80000114,
,,,3.58999963E-3,30.00000000,
,,,3.59999971E-3,30.00000000,
,,,3.60999955E-3,30.80000114,
,,,3.61999962E-3,30.80000114,
,,,3.62999970E-3,31.60000038,
,,,3.63999954E-3,31.20000076,
,,,3.64999962E-3,32.00000000,
,,,3.65999970E-3,31.60000038,
,,,3.66999954E-3,32.40000153,
,,,3.67999962E-3,32.00000000,
,,,3.68999969E-3,32.40000153,
,,,3.69999954E-3,32.40000153,
,,,3.70999961E-3,32.40000153,
,,,3.71999969E-3,32.00000000,
,,,3.72999953E-3,32.40000153,
,,,3.73999961E-3,32.00000000,
,,,3.74999968E-3,32.00000000,
,,,3.75999953E-3,31.60000038,
,,,3.76999960E-3,32.00000000,
,,,3.77999968E-3,30.80000114,
,,,3.78999952E-3,31.20000076,
,,,3.79999960E-3,30.00000000,
,,,3.80999967E-3,30.80000114,
,,,3.81999952E-3,29.20000076,
,,,3.82999959E-3,30.00000000,
,,,3.83999967E-3,27.60000038,
,,,3.84999951E-3,28.80000114,
,,,3.85999959E-3,26.80000114,
,,,3.86999967E-3,28.00000000,
,,,3.87999974E-3,25.60000038,
,,,3.88999959E-3,26.80000114,
,,,3.89999966E-3,24.39999962,
,,,3.90999950E-3,25.60000038,
,,,3.91999958E-3,20.80000114,
,,,3.92999966E-3,24.39999962,
,,,3.93999973E-3,18.8000011,
,,,3.94999981E-3,20.39999962,
,,,3.95999942E-3,18.3999996,
,,,3.96999950E-3,19.6000004,
,,,3.97999957E-3,19.2000008,
,,,3.98999965E-3,20.0000000,
,,,3.99999972E-3,19.6000004,
,,,4.00999980E-3,20.39999962,
,,,4.01999941E-3,20.39999962,
,,,4.02999949E-3,21.60000038,
,,,4.03999956E-3,21.20000076,
,,,4.04999964E-3,22.39999962,
,,,4.05999972E-3,22.39999962,
,,,4.06999979E-3,23.20000076,
,,,4.07999940E-3,23.20000076,
,,,4.08999948E-3,24.00000000,
,,,4.09999955E-3,24.39999962,
,,,4.10999963E-3,25.20000076,
,,,4.11999971E-3,24.80000114,
,,,4.12999978E-3,26.39999962,
,,,4.13999939E-3,26.00000000,
,,,4.14999947E-3,27.20000076,
,,,4.15999955E-3,27.20000076,
,,,4.16999962E-3,28.00000000,
,,,4.17999970E-3,28.00000000,
,,,4.18999977E-3,28.80000114,
,,,4.19999938E-3,29.20000076,
,,,4.20999946E-3,30.00000000,
,,,4.21999954E-3,30.00000000,
,,,4.22999961E-3,30.80000114,
,,,4.23999969E-3,30.39999962,
,,,4.24999977E-3,30.80000114,
,,,4.25999984E-3,30.80000114,
,,,4.26999945E-3,31.60000038,
,,,4.27999953E-3,31.20000076,
,,,4.28999960E-3,31.60000038,
,,,4.29999968E-3,31.20000076,
,,,4.30999976E-3,31.60000038,
,,,4.31999983E-3,31.20000076,
,,,4.32999944E-3,31.60000038,
,,,4.33999952E-3,30.80000114,
,,,4.34999960E-3,31.60000038,
,,,4.35999967E-3,30.39999962,
,,,4.36999975E-3,30.80000114,
,,,4.37999982E-3,29.60000038,
,,,4.38999943E-3,30.39999962,
,,,4.39999951E-3,29.20000076,
,,,4.40999959E-3,30.00000000,
,,,4.41999966E-3,28.39999962,
,,,4.42999974E-3,29.20000076,
,,,4.43999982E-3,27.60000038,
,,,4.44999943E-3,28.00000000,
,,,4.45999950E-3,26.39999962,
,,,4.46999958E-3,27.20000076,
,,,4.47999965E-3,25.20000076,
,,,4.48999973E-3,26.00000000,
,,,4.49999981E-3,24.00000000,
,,,4.50999942E-3,24.80000114,
,,,4.51999949E-3,20.39999962,
,,,4.52999957E-3,24.00000000,
,,,4.53999965E-3,18.3999996,
,,,4.54999972E-3,20.0000000,
,,,4.55999980E-3,18.3999996,
,,,4.56999941E-3,19.2000008,
,,,4.57999948E-3,18.8000011,
,,,4.58999956E-3,19.6000004,
,,,4.59999964E-3,19.2000008,
,,,4.60999971E-3,20.0000000,
,,,4.61999979E-3,20.0000000,
,,,4.62999940E-3,21.20000076,
,,,4.63999948E-3,21.20000076,
,,,4.64999955E-3,22.00000000,
,,,4.65999963E-3,22.00000000,
,,,4.66999970E-3,22.80000114,
,,,4.67999978E-3,22.80000114,
,,,4.68999939E-3,23.60000038,
,,,4.69999947E-3,24.00000000,
,,,4.70999954E-3,24.80000114,
,,,4.71999962E-3,24.80000114,
,,,4.72999969E-3,26.00000000,
,,,4.73999977E-3,26.00000000,
,,,4.74999938E-3,26.80000114,
,,,4.75999946E-3,27.20000076,
,,,4.76999953E-3,28.00000000,
,,,4.77999961E-3,28.00000000,
,,,4.78999969E-3,28.80000114,
,,,4.79999976E-3,28.80000114,
,,,4.80999937E-3,29.60000038,
,,,4.81999945E-3,29.60000038,
,,,4.82999953E-3,30.00000000,
,,,4.83999960E-3,29.60000038,
,,,4.84999968E-3,30.80000114,
,,,4.85999975E-3,30.39999962,
,,,4.86999983E-3,30.80000114,
,,,4.87999944E-3,30.80000114,
,,,4.88999952E-3,31.20000076,
,,,4.89999959E-3,30.80000114,
,,,4.90999967E-3,31.20000076,
,,,4.91999974E-3,30.80000114,
,,,4.92999982E-3,31.20000076,
,,,4.93999943E-3,30.39999962,
,,,4.94999951E-3,30.80000114,
,,,4.95999958E-3,30.00000000,
,,,4.96999966E-3,30.80000114,
,,,4.97999974E-3,28.80000114,
,,,4.98999981E-3,30.00000000,
,,,4.99999942E-3,28.39999962,
,,,5.00999950E-3,29.20000076,
,,,5.01999957E-3,28.00000000,
,,,5.02999965E-3,28.39999962,
,,,5.03999973E-3,26.80000114,
,,,5.04999980E-3,27.60000038,
,,,5.05999941E-3,25.60000038,
,,,5.06999949E-3,26.80000114,
,,,5.07999957E-3,24.80000114,
,,,5.08999964E-3,26.00000000,
,,,5.09999972E-3,23.60000038,
,,,5.10999979E-3,24.39999962,
,,,5.11999940E-3,19.6000004,
,,,5.12999948E-3,23.20000076,
,,,5.13999956E-3,18.0000000,
,,,5.14999963E-3,19.6000004,
,,,5.15999971E-3,18.0000000,
,,,5.16999979E-3,18.3999996,
,,,5.17999940E-3,18.3999996,
,,,5.18999947E-3,19.2000008,
,,,5.19999955E-3,19.2000008,
,,,5.20999962E-3,19.6000004,
,,,5.21999970E-3,19.6000004,
,,,5.22999978E-3,20.39999962,
,,,5.23999939E-3,20.39999962,
,,,5.24999946E-3,21.20000076,
,,,5.25999954E-3,21.20000076,
,,,5.26999962E-3,22.39999962,
,,,5.27999969E-3,22.39999962,
,,,5.28999977E-3,23.20000076,
,,,5.29999938E-3,23.20000076,
,,,5.30999945E-3,24.39999962,
,,,5.31999953E-3,24.00000000,
,,,5.32999961E-3,25.20000076,
,,,5.33999968E-3,25.20000076,
,,,5.34999976E-3,26.39999962,
,,,5.35999937E-3,26.00000000,
,,,5.36999945E-3,27.20000076,
,,,5.37999952E-3,27.20000076,
,,,5.38999960E-3,27.60000038,
,,,5.39999967E-3,28.00000000,
,,,5.40999975E-3,28.80000114,
,,,5.41999936E-3,28.80000114,
,,,5.42999944E-3,29.20000076,
,,,5.43999951E-3,29.20000076,
,,,5.44999959E-3,29.60000038,
,,,5.45999967E-3,29.60000038,
,,,5.46999974E-3,30.00000000,
,,,5.47999982E-3,30.00000000,
,,,5.48999943E-3,30.39999962,
,,,5.49999950E-3,30.00000000,
,,,5.50999958E-3,30.39999962,
,,,5.51999966E-3,30.00000000,
,,,5.52999973E-3,30.39999962,
,,,5.53999981E-3,29.60000038,
,,,5.54999942E-3,30.39999962,
,,,5.55999950E-3,28.80000114,
,,,5.56999957E-3,30.00000000,
,,,5.57999965E-3,28.80000114,
,,,5.58999972E-3,29.20000076,
,,,5.59999980E-3,28.00000000,
,,,5.60999941E-3,28.39999962,
,,,5.61999949E-3,27.20000076,
,,,5.62999956E-3,28.00000000,
,,,5.63999964E-3,26.00000000,
,,,5.64999972E-3,27.20000076,
,,,5.65999979E-3,25.20000076,
,,,5.66999940E-3,26.00000000,
,,,5.67999948E-3,24.39999962,
,,,5.68999955E-3,25.20000076,
,,,5.69999963E-3,23.20000076,
,,,5.70999971E-3,24.00000000,
,,,5.71999978E-3,19.6000004,
,,,5.72999939E-3,22.80000114,
,,,5.73999947E-3,17.2000008,
,,,5.74999955E-3,18.8000011,
,,,5.75999962E-3,17.6000004,
,,,5.76999970E-3,18.0000000,
,,,5.77999977E-3,18.0000000,
,,,5.78999938E-3,18.3999996,
,,,5.79999946E-3,18.3999996,
,,,5.80999954E-3,19.2000008,
,,,5.81999961E-3,18.8000011,
,,,5.82999969E-3,20.0000000,
,,,5.83999977E-3,20.0000000,
,,,5.84999938E-3,20.80000114,
,,,5.85999945E-3,21.20000076,
,,,5.86999953E-3,22.00000000,
,,,5.87999960E-3,22.00000000,
,,,5.88999968E-3,22.80000114,
,,,5.89999976E-3,22.80000114,
,,,5.90999937E-3,24.00000000,
,,,5.91999944E-3,24.00000000,
,,,5.92999952E-3,24.80000114,
,,,5.93999960E-3,24.80000114,
,,,5.94999967E-3,26.00000000,
,,,5.95999975E-3,26.00000000,
,,,5.96999936E-3,26.39999962,
,,,5.97999943E-3,26.39999962,
,,,5.98999951E-3,27.60000038,
,,,5.99999959E-3,27.60000038,
,,,6.00999966E-3,28.39999962,
,,,6.01999974E-3,28.39999962,
,,,6.02999935E-3,28.80000114,
,,,6.03999943E-3,28.80000114,
,,,6.04999950E-3,29.20000076,
,,,6.05999958E-3,29.20000076,
,,,6.06999965E-3,29.60000038,
,,,6.07999973E-3,29.60000038,
,,,6.08999934E-3,30.00000000,
,,,6.09999942E-3,29.60000038,
,,,6.10999949E-3,30.00000000,
,,,6.11999957E-3,29.60000038,
,,,6.12999965E-3,30.00000000,
,,,6.13999972E-3,29.20000076,
,,,6.14999980E-3,29.60000038,
,,,6.15999941E-3,28.80000114,
,,,6.16999948E-3,29.20000076,
,,,6.17999956E-3,28.00000000,
,,,6.18999964E-3,28.39999962,
,,,6.19999971E-3,27.60000038,
,,,6.20999979E-3,28.00000000,
,,,6.21999940E-3,26.80000114,
,,,6.22999948E-3,27.20000076,
,,,6.23999955E-3,25.60000038,
,,,6.24999963E-3,26.80000114,
,,,6.25999970E-3,24.80000114,
,,,6.26999978E-3,25.60000038,
,,,6.27999939E-3,23.60000038,
,,,6.28999947E-3,24.39999962,
,,,6.29999954E-3,22.80000114,
,,,6.30999962E-3,23.60000038,
,,,6.31999969E-3,19.2000008,
,,,6.32999977E-3,22.39999962,
,,,6.33999938E-3,17.2000008,
,,,6.34999946E-3,18.0000000,
,,,6.35999953E-3,17.2000008,
,,,6.36999961E-3,17.6000004,
,,,6.37999969E-3,17.6000004,
,,,6.38999976E-3,18.3999996,
,,,6.39999937E-3,18.0000000,
,,,6.40999945E-3,18.8000011,
,,,6.41999952E-3,18.8000011,
,,,6.42999960E-3,19.6000004,
,,,6.43999968E-3,19.2000008,
,,,6.44999975E-3,20.39999962,
,,,6.45999936E-3,20.39999962,
,,,6.46999944E-3,21.20000076,
,,,6.47999952E-3,21.20000076,
,,,6.48999959E-3,22.39999962,
,,,6.49999967E-3,22.00000000,
,,,6.50999974E-3,23.60000038,
,,,6.51999936E-3,23.20000076,
,,,6.52999943E-3,24.00000000,
,,,6.53999951E-3,24.00000000,
,,,6.54999958E-3,25.20000076,
,,,6.55999966E-3,25.20000076,
,,,6.56999974E-3,26.00000000,
,,,6.57999935E-3,26.00000000,
,,,6.58999942E-3,26.80000114,
,,,6.59999950E-3,26.80000114,
,,,6.60999957E-3,27.20000076,
,,,6.61999965E-3,27.20000076,
,,,6.62999973E-3,28.00000000,
,,,6.63999934E-3,28.00000000,
,,,6.64999941E-3,28.39999962,
,,,6.65999949E-3,28.39999962,
,,,6.66999957E-3,28.80000114,
,,,6.67999964E-3,28.80000114,
,,,6.68999972E-3,28.80000114,
,,,6.69999933E-3,28.80000114,
,,,6.70999940E-3,29.20000076,
,,,6.71999948E-3,28.80000114,
,,,6.72999956E-3,28.80000114,
,,,6.73999963E-3,28.39999962,
,,,6.74999971E-3,28.80000114,
,,,6.75999932E-3,28.00000000,
,,,6.76999940E-3,28.39999962,
,,,6.77999947E-3,27.20000076,
,,,6.78999955E-3,28.00000000,
,,,6.79999962E-3,26.80000114,
,,,6.80999970E-3,27.20000076,
,,,6.81999978E-3,25.60000038,
,,,6.82999939E-3,26.80000114,
,,,6.83999946E-3,25.20000076,
,,,6.84999954E-3,26.00000000,
,,,6.85999962E-3,24.39999962,
,,,6.86999969E-3,25.20000076,
,,,6.87999977E-3,23.20000076,
,,,6.88999938E-3,24.00000000,
,,,6.89999945E-3,22.00000000,
,,,6.90999953E-3,23.20000076,
,,,6.91999961E-3,18.3999996,
,,,6.92999968E-3,22.39999962,
,,,6.93999976E-3,16.8000011,
,,,6.94999937E-3,18.0000000,
,,,6.95999945E-3,16.8000011,
,,,6.96999952E-3,17.2000008,
,,,6.97999960E-3,17.2000008,
,,,6.98999967E-3,18.0000000,
,,,6.99999975E-3,17.6000004,
,,,7.00999936E-3,18.3999996,
,,,7.01999944E-3,18.3999996,
,,,7.02999951E-3,19.2000008,
,,,7.03999959E-3,19.2000008,
,,,7.04999967E-3,20.0000000,
,,,7.05999974E-3,20.0000000,
,,,7.06999935E-3,20.80000114,
,,,7.07999943E-3,20.80000114,
,,,7.08999950E-3,22.00000000,
,,,7.09999958E-3,22.00000000,
,,,7.10999966E-3,22.80000114,
,,,7.11999973E-3,23.20000076,
,,,7.12999934E-3,24.00000000,
,,,7.13999942E-3,24.00000000,
,,,7.14999950E-3,24.80000114,
,,,7.15999957E-3,24.80000114,
,,,7.16999965E-3,25.60000038,
,,,7.17999972E-3,25.60000038,
,,,7.18999933E-3,26.39999962,
,,,7.19999941E-3,26.39999962,
,,,7.20999949E-3,26.80000114,
,,,7.21999956E-3,26.80000114,
,,,7.22999964E-3,28.00000000,
,,,7.23999972E-3,27.60000038,
,,,7.24999933E-3,28.00000000,
,,,7.25999940E-3,28.00000000,
,,,7.26999948E-3,28.39999962,
,,,7.27999955E-3,28.39999962,
,,,7.28999963E-3,28.80000114,
,,,7.29999971E-3,28.39999962,
,,,7.30999932E-3,28.39999962,
,,,7.31999939E-3,28.00000000,
,,,7.32999947E-3,28.39999962,
,,,7.33999955E-3,28.00000000,
,,,7.34999962E-3,28.39999962,
,,,7.35999970E-3,27.60000038,
,,,7.36999931E-3,28.00000000,
,,,7.37999938E-3,26.80000114,
,,,7.389999460E-3,27.20000076,
,,,7.399999537E-3,26.00000000,
,,,7.409999613E-3,26.80000114,
,,,7.419999689E-3,25.60000038,
,,,7.429999765E-3,26.39999962,
,,,7.439999375E-3,24.39999962,
,,,7.449999452E-3,25.60000038,
,,,7.459999528E-3,23.60000038,
,,,7.469999604E-3,24.39999962,
,,,7.479999680E-3,22.80000114,
,,,7.489999756E-3,23.60000038,
,,,7.499999367E-3,21.60000038,
,,,7.509999443E-3,22.80000114,
,,,7.519999519E-3,18.3999996,
,,,7.529999595E-3,21.60000038,
,,,7.539999671E-3,16.3999996,
,,,7.549999747E-3,17.6000004,
,,,7.559999358E-3,16.3999996,
,,,7.569999434E-3,16.8000011,
,,,7.579999510E-3,17.2000008,
,,,7.589999586E-3,17.2000008,
,,,7.599999662E-3,17.2000008,
,,,7.609999739E-3,18.0000000,
,,,7.619999349E-3,18.0000000,
,,,7.629999425E-3,18.8000011,
,,,7.639999501E-3,18.8000011,
,,,7.649999578E-3,19.6000004,
,,,7.659999654E-3,19.6000004,
,,,7.669999730E-3,20.39999962,
,,,7.679999340E-3,20.0000000,
,,,7.689999416E-3,21.20000076,
,,,7.699999493E-3,21.20000076,
,,,7.709999569E-3,22.00000000,
,,,7.719999645E-3,22.39999962,
,,,7.729999721E-3,22.80000114,
,,,7.739999332E-3,22.80000114,
,,,7.749999408E-3,23.60000038,
,,,7.759999484E-3,24.00000000,
,,,7.769999560E-3,24.80000114,
,,,7.779999636E-3,24.80000114,
,,,7.789999712E-3,25.60000038,
,,,7.799999323E-3,25.60000038,
,,,7.809999399E-3,26.39999962,
,,,7.819999941E-3,26.00000000,
,,,7.829999551E-3,26.80000114,
,,,7.839999162E-3,26.80000114,
,,,7.849999703E-3,27.20000076,
,,,7.859999314E-3,27.20000076,
,,,7.869999856E-3,27.60000038,
,,,7.879999466E-3,27.60000038,
,,,7.889999077E-3,28.00000000,
,,,7.899999619E-3,27.60000038,
,,,7.909999229E-3,28.00000000,
,,,7.919999771E-3,27.60000038,
,,,7.929999381E-3,28.00000000,
,,,7.939999923E-3,27.20000076,
,,,7.949999534E-3,27.60000038,
,,,7.959999144E-3,26.80000114,
,,,7.969999686E-3,27.60000038,
,,,7.979999296E-3,26.39999962,
,,,7.989999838E-3,27.20000076,
,,,7.999999449E-3,25.60000038,
,,,8.009999059E-3,26.39999962,
,,,8.019999601E-3,25.20000076,
,,,8.029999211E-3,26.00000000,
,,,8.039999753E-3,24.00000000,
,,,8.049999364E-3,25.20000076,
,,,8.059999906E-3,22.80000114,
,,,8.069999516E-3,24.39999962,
,,,8.079999126E-3,22.39999962,
,,,8.089999668E-3,23.20000076,
,,,8.099999279E-3,21.20000076,
,,,8.109999821E-3,22.39999962,
,,,8.119999431E-3,18.0000000,
,,,8.129999973E-3,21.20000076,
,,,8.139999583E-3,16.0000000,
,,,8.149999194E-3,17.2000008,
,,,8.159999736E-3,16.3999996,
,,,8.169999346E-3,16.8000011,
,,,8.179999888E-3,16.3999996,
,,,8.189999498E-3,17.2000008,
,,,8.199999109E-3,16.8000011,
,,,8.209999651E-3,17.6000004,
,,,8.219999261E-3,17.6000004,
,,,8.229999803E-3,18.3999996,
,,,8.239999413E-3,18.3999996,
,,,8.249999955E-3,19.2000008,
,,,8.259999566E-3,18.8000011,
,,,8.269999176E-3,20.0000000,
,,,8.279999718E-3,20.0000000,
,,,8.289999329E-3,21.20000076,
,,,8.299999870E-3,21.20000076,
,,,8.309999481E-3,22.00000000,
,,,8.319999091E-3,22.00000000,
,,,8.329999633E-3,22.80000114,
,,,8.339999244E-3,22.39999962,
,,,8.349999785E-3,23.60000038,
,,,8.359999396E-3,23.60000038,
,,,8.369999938E-3,24.80000114,
,,,8.379999548E-3,24.39999962,
,,,8.389999159E-3,25.20000076,
,,,8.399999700E-3,25.20000076,
,,,8.409999311E-3,26.00000000,
,,,8.419999853E-3,26.00000000,
,,,8.429999463E-3,26.39999962,
,,,8.439999074E-3,26.39999962,
,,,8.449999616E-3,26.80000114,
,,,8.459999226E-3,26.80000114,
,,,8.469999768E-3,27.20000076,
,,,8.479999378E-3,27.20000076,
,,,8.489999920E-3,27.60000038,
,,,8.499999531E-3,27.20000076,
,,,8.509999141E-3,27.60000038,
,,,8.519999683E-3,26.80000114,
,,,8.529999293E-3,27.60000038,
,,,8.539999835E-3,26.80000114,
,,,8.549999446E-3,27.20000076,
,,,8.559999056E-3,26.39999962,
,,,8.569999598E-3,26.80000114,
,,,8.579999208E-3,25.60000038,
,,,8.589999750E-3,26.39999962,
,,,8.599999361E-3,24.80000114,
,,,8.609999903E-3,26.00000000,
,,,8.619999513E-3,24.39999962,
,,,8.629999124E-3,25.20000076,
,,,8.639999665E-3,23.60000038,
,,,8.649999276E-3,24.39999962,
,,,8.659999818E-3,22.39999962,
,,,8.669999428E-3,23.60000038,
,,,8.679999039E-3,21.60000038,
,,,8.689999580E-3,22.39999962,
,,,8.699999191E-3,20.80000114,
,,,8.709999733E-3,21.20000076,
,,,8.719999343E-3,17.2000008,
,,,8.729999885E-3,20.39999962,
,,,8.739999495E-3,15.6000004,
,,,8.749999106E-3,17.2000008,
,,,8.759999648E-3,15.6000004,
,,,8.769999258E-3,16.3999996,
,,,8.779999800E-3,16.3999996,
,,,8.789999411E-3,16.8000011,
,,,8.799999952E-3,16.3999996,
,,,8.809999563E-3,17.2000008,
,,,8.819999173E-3,17.2000008,
,,,8.829999715E-3,18.0000000,
,,,8.839999326E-3,18.0000000,
,,,8.849999867E-3,18.8000011,
,,,8.859999478E-3,18.8000011,
,,,8.869999088E-3,19.2000008,
,,,8.879999630E-3,19.6000004,
,,,8.889999241E-3,20.39999962,
,,,8.899999782E-3,20.39999962,
,,,8.909999393E-3,21.20000076,
,,,8.919999935E-3,21.20000076,
,,,8.929999545E-3,22.00000000,
,,,8.939999156E-3,22.39999962,
,,,8.949999698E-3,23.20000076,
,,,8.959999308E-3,23.20000076,
,,,8.969999850E-3,24.00000000,
,,,8.979999460E-3,24.00000000,
,,,8.989999071E-3,24.39999962,
,,,8.999999613E-3,24.39999962,
,,,9.009999223E-3,25.20000076,
,,,9.019999765E-3,25.20000076,
,,,9.029999375E-3,25.60000038,
,,,9.039999917E-3,25.60000038,
,,,9.049999528E-3,26.39999962,
,,,9.059999138E-3,26.39999962,
,,,9.069999680E-3,26.80000114,
,,,9.079999290E-3,26.39999962,
,,,9.089999832E-3,26.80000114,
,,,9.099999443E-3,26.39999962,
,,,9.109999053E-3,26.80000114,
,,,9.119999595E-3,26.39999962,
,,,9.129999205E-3,26.80000114,
,,,9.139999747E-3,26.39999962,
,,,9.149999358E-3,26.39999962,
,,,9.159999900E-3,26.00000000,
,,,9.169999510E-3,26.00000000,
,,,9.179999121E-3,25.20000076,
,,,9.189999662E-3,26.00000000,
,,,9.199999273E-3,24.39999962,
,,,9.209999815E-3,25.20000076,
,,,9.219999425E-3,24.00000000,
,,,9.229999036E-3,24.80000114,
,,,9.239999577E-3,22.80000114,
,,,9.249999188E-3,24.00000000,
,,,9.259999730E-3,22.39999962,
,,,9.269999340E-3,22.80000114,
,,,9.279999882E-3,21.60000038,
,,,9.289999492E-3,22.39999962,
,,,9.299999103E-3,20.39999962,
,,,9.309999645E-3,21.20000076,
,,,9.319999255E-3,17.2000008,
,,,9.329999797E-3,20.0000000,
,,,9.339999408E-3,15.6000004,
,,,9.349999949E-3,16.3999996,
,,,9.359999560E-3,15.6000004,
,,,9.369999170E-3,16.0000000,
,,,9.379999712E-3,16.0000000,
,,,9.389999323E-3,16.3999996,
,,,9.399999864E-3,16.3999996,
,,,9.409999475E-3,16.8000011,
,,,9.419999085E-3,16.8000011,
,,,9.429999627E-3,17.6000004,
,,,9.439999238E-3,17.6000004,
,,,9.449999779E-3,18.3999996,
,,,9.459999390E-3,18.0000000,
,,,9.469999932E-3,19.2000008,
,,,9.479999542E-3,19.2000008,
,,,9.489999153E-3,20.0000000,
,,,9.499999695E-3,20.0000000,
,,,9.509999305E-3,20.80000114,
,,,9.519999847E-3,20.80000114,
,,,9.529999457E-3,22.00000000,
,,,9.539999068E-3,22.00000000,
,,,9.549999610E-3,22.39999962,
,,,9.559999220E-3,22.80000114,
,,,9.569999762E-3,23.60000038,
,,,9.579999372E-3,23.60000038,
,,,9.589999914E-3,24.00000000,
,,,9.599999525E-3,24.00000000,
,,,9.609999135E-3,24.80000114,
,,,9.619999677E-3,24.80000114,
,,,9.629999287E-3,25.60000038,
,,,9.639999829E-3,25.20000076,
,,,9.649999440E-3,26.00000000,
,,,9.659999050E-3,25.60000038,
,,,9.669999592E-3,26.00000000,
,,,9.679999202E-3,26.00000000,
,,,9.689999744E-3,26.39999962,
,,,9.699999355E-3,26.00000000,
,,,9.709999897E-3,26.39999962,
,,,9.719999507E-3,26.00000000,
,,,9.729999118E-3,26.39999962,
,,,9.739999659E-3,25.60000038,
,,,9.749999270E-3,26.00000000,
,,,9.759999812E-3,25.20000076,
,,,9.769999422E-3,25.60000038,
,,,9.779999033E-3,24.39999962,
,,,9.789999574E-3,25.20000076,
,,,9.799999185E-3,24.00000000,
,,,9.809999727E-3,24.80000114,
,,,9.819999337E-3,23.60000038,
,,,9.829999879E-3,24.00000000,
,,,9.839999489E-3,22.39999962,
,,,9.849999100E-3,23.60000038,
,,,9.859999642E-3,21.60000038,
,,,9.869999252E-3,22.80000114,
,,,9.879999794E-3,20.80000114,
,,,9.889999405E-3,21.60000038,
,,,9.899999015E-3,19.6000004,
,,,9.909999557E-3,20.80000114,
,,,9.919999167E-3,16.8000011,
,,,9.929999709E-3,19.6000004,
,,,9.939999320E-3,15.1999998,
,,,9.949999861E-3,16.0000000,
,,,9.959999472E-3,14.8000002,
,,,9.969999082E-3,15.6000004,
,,,9.979999624E-3,15.6000004,
,,,9.989999235E-3,16.0000000,
,,,9.999999776E-3,15.6000004,
,,,10.0099994E-3,16.3999996,
,,,10.0199999E-3,16.3999996,
,,,10.0299995E-3,16.8000011,
,,,10.0399991E-3,17.2000008,
,,,10.0499997E-3,18.0000000,
,,,10.0599993E-3,17.6000004,
,,,10.0699998E-3,18.3999996,
,,,10.0799995E-3,18.3999996,
,,,10.0899991E-3,19.6000004,
,,,10.0999996E-3,19.6000004,
,,,10.1099992E-3,20.39999962,
,,,10.1199998E-3,20.39999962,
,,,10.1299994E-3,21.20000076,
,,,10.1399999E-3,21.20000076,
,,,10.1499995E-3,22.00000000,
,,,10.1599991E-3,22.00000000,
,,,10.1699997E-3,22.80000114,
,,,10.1799993E-3,22.80000114,
,,,10.1899998E-3,23.60000038,
,,,10.1999994E-3,23.20000076,
,,,10.2099990E-3,24.00000000,
,,,10.2199996E-3,24.00000000,
,,,10.2299992E-3,24.80000114,
,,,10.2399997E-3,24.39999962,
,,,10.2499994E-3,25.20000076,
,,,10.2599999E-3,24.80000114,
,,,10.2699995E-3,25.60000038,
,,,10.2799991E-3,25.20000076,
,,,10.2899997E-3,25.60000038,
,,,10.2999993E-3,25.20000076,
,,,10.3099998E-3,26.00000000,
,,,10.3199994E-3,25.20000076,
,,,10.3299990E-3,25.60000038,
,,,10.3399996E-3,24.80000114,
,,,10.3499992E-3,25.60000038,
,,,10.3599997E-3,24.39999962,
,,,10.3699993E-3,25.20000076,
,,,10.3799999E-3,24.00000000,
,,,10.3899995E-3,24.80000114,
,,,10.3999991E-3,23.60000038,
,,,10.4099996E-3,24.39999962,
,,,10.4199992E-3,23.20000076,
,,,10.4299998E-3,23.60000038,
,,,10.4399994E-3,22.00000000,
,,,10.4499990E-3,23.20000076,
,,,10.4599996E-3,21.20000076,
,,,10.4699992E-3,22.39999962,
,,,10.4799997E-3,20.39999962,
,,,10.4899993E-3,21.60000038,
,,,10.4999999E-3,19.6000004,
,,,10.5099995E-3,20.39999962,
,,,10.5199991E-3,16.8000011,
,,,10.5299996E-3,19.2000008,
,,,10.5399992E-3,14.8000002,
,,,10.5499998E-3,16.0000000,
,,,10.5599994E-3,14.8000002,
,,,10.5699990E-3,15.6000004,
,,,10.5799995E-3,15.1999998,
,,,10.5899991E-3,16.0000000,
,,,10.5999997E-3,15.6000004,
,,,10.6099993E-3,16.3999996,
,,,10.6199998E-3,16.0000000,
,,,10.6299995E-3,16.8000011,
,,,10.6399991E-3,17.2000008,
,,,10.6499996E-3,17.6000004,
,,,10.6599992E-3,17.6000004,
,,,10.6699998E-3,18.3999996,
,,,10.6799994E-3,18.3999996,
,,,10.6899999E-3,19.2000008,
,,,10.6999995E-3,19.6000004,
,,,10.7099991E-3,20.39999962,
,,,10.7199997E-3,20.0000000,
,,,10.7299993E-3,21.20000076,
,,,10.7399998E-3,20.80000114,
,,,10.7499994E-3,22.00000000,
,,,10.7599990E-3,22.00000000,
,,,10.7699996E-3,22.39999962,
,,,10.7799992E-3,22.80000114,
,,,10.7899997E-3,23.20000076,
,,,10.7999993E-3,23.60000038,
,,,10.8099999E-3,24.00000000,
,,,10.8199995E-3,24.00000000,
,,,10.8299991E-3,24.39999962,
,,,10.8399997E-3,24.00000000,
,,,10.8499993E-3,24.80000114,
,,,10.8599998E-3,24.39999962,
,,,10.8699994E-3,25.20000076,
,,,10.8799990E-3,24.80000114,
,,,10.8899996E-3,25.20000076,
,,,10.8999992E-3,24.39999962,
,,,10.9099997E-3,25.20000076,
,,,10.9199993E-3,24.39999962,
,,,10.9299999E-3,25.20000076,
,,,10.9399995E-3,24.39999962,
,,,10.9499991E-3,24.80000114,
,,,10.9599996E-3,24.00000000,
,,,10.9699992E-3,24.80000114,
,,,10.9799998E-3,23.60000038,
,,,10.9899994E-3,24.39999962,
,,,10.9999990E-3,23.20000076,
,,,11.0099996E-3,24.00000000,
,,,11.0199992E-3,22.39999962,
,,,11.0299997E-3,23.20000076,
,,,11.0399993E-3,21.60000038,
,,,11.0499999E-3,22.39999962,
,,,11.0599995E-3,20.80000114,
,,,11.0699991E-3,21.60000038,
,,,11.0799996E-3,20.0000000,
,,,11.0899992E-3,20.80000114,
,,,11.0999998E-3,18.8000011,
,,,11.1099994E-3,19.6000004,
,,,11.1199990E-3,16.0000000,
,,,11.1299995E-3,18.8000011,
,,,11.1399991E-3,14.4000006,
,,,11.1499997E-3,15.6000004,
,,,11.1599993E-3,14.4000006,
,,,11.1699998E-3,15.1999998,
,,,11.1799994E-3,14.8000002,
,,,11.1899991E-3,15.1999998,
,,,11.1999996E-3,15.1999998,
,,,11.2099992E-3,16.3999996,
,,,11.2199998E-3,15.6000004,
,,,11.2299994E-3,16.3999996,
,,,11.2399999E-3,16.0000000,
,,,11.2499995E-3,17.2000008,
,,,11.2599991E-3,16.8000011,
,,,11.2699997E-3,17.6000004,
,,,11.2799993E-3,17.6000004,
,,,11.2899998E-3,18.8000011,
,,,11.2999994E-3,18.8000011,
,,,11.3099990E-3,19.6000004,
,,,11.3199996E-3,19.2000008,
,,,11.3299992E-3,20.39999962,
,,,11.3399997E-3,20.39999962,
,,,11.3499993E-3,21.20000076,
,,,11.3599999E-3,21.20000076,
,,,11.3699995E-3,22.00000000,
,,,11.3799991E-3,21.60000038,
,,,11.3899997E-3,22.39999962,
,,,11.3999993E-3,22.80000114,
,,,11.4099998E-3,23.20000076,
,,,11.4199994E-3,23.20000076,
,,,11.4299990E-3,24.00000000,
,,,11.4399996E-3,23.60000038,
,,,11.4499992E-3,24.39999962,
,,,11.4599997E-3,24.00000000,
,,,11.4699993E-3,24.39999962,
,,,11.4799999E-3,24.00000000,
,,,11.4899995E-3,24.39999962,
,,,11.4999991E-3,24.00000000,
,,,11.5099996E-3,24.80000114,
,,,11.5199992E-3,24.00000000,
,,,11.5299998E-3,24.80000114,
,,,11.5399994E-3,24.00000000,
,,,11.5499990E-3,24.39999962,
,,,11.5599995E-3,23.60000038,
,,,11.5699992E-3,24.00000000,
,,,11.5799997E-3,23.20000076,
,,,11.5899993E-3,23.60000038,
,,,11.5999999E-3,22.80000114,
,,,11.6099995E-3,23.20000076,
,,,11.6199991E-3,22.00000000,
,,,11.6299996E-3,22.39999962,
,,,11.6399992E-3,21.20000076,
,,,11.6499998E-3,22.00000000,
,,,11.6599994E-3,20.39999962,
,,,11.6699990E-3,21.20000076,
,,,11.6799995E-3,19.6000004,
,,,11.6899991E-3,20.80000114,
,,,11.6999997E-3,18.8000011,
,,,11.7099993E-3,20.0000000,
,,,11.7199998E-3,16.0000000,
,,,11.7299994E-3,18.3999996,
,,,11.7399991E-3,14.0000000,
,,,11.7499996E-3,15.1999998,
,,,11.7599992E-3,14.4000006,
,,,11.7699997E-3,15.1999998,
,,,11.7799994E-3,14.8000002,
,,,11.7899990E-3,15.1999998,
,,,11.7999995E-3,14.8000002,
,,,11.8099991E-3,15.6000004,
,,,11.8199997E-3,15.6000004,
,,,11.8299993E-3,16.3999996,
,,,11.8399998E-3,16.0000000,
,,,11.8499994E-3,16.8000011,
,,,11.8599990E-3,16.8000011,
,,,11.8699996E-3,17.6000004,
,,,11.8799992E-3,17.6000004,
,,,11.8899997E-3,18.3999996,
,,,11.8999993E-3,18.3999996,
,,,11.9099999E-3,19.2000008,
,,,11.9199995E-3,19.2000008,
,,,11.9299991E-3,20.0000000,
,,,11.9399996E-3,20.0000000,
,,,11.9499993E-3,20.80000114,
,,,11.9599998E-3,20.80000114,
,,,11.9699994E-3,21.60000038,
,,,11.9799990E-3,21.60000038,
,,,11.9899996E-3,22.00000000,
,,,11.9999992E-3,22.00000000,
,,,12.0099997E-3,22.80000114,
,,,12.0199993E-3,22.80000114,
,,,12.0299999E-3,23.60000038,
,,,12.0399995E-3,23.60000038,
,,,12.0499991E-3,24.00000000,
,,,12.0599996E-3,23.60000038,
,,,12.0699992E-3,24.00000000,
,,,12.0799998E-3,24.00000000,
,,,12.0899994E-3,24.00000000,
,,,12.0999990E-3,23.60000038,
,,,12.1099995E-3,24.00000000,
,,,12.1199992E-3,23.60000038,
,,,12.1299997E-3,24.39999962,
,,,12.1399993E-3,23.60000038,
,,,12.1499998E-3,24.00000000,
,,,12.1599995E-3,23.20000076,
,,,12.1699991E-3,23.60000038,
,,,12.1799996E-3,22.80000114,
,,,12.1899992E-3,23.20000076,
,,,12.1999998E-3,22.00000000,
,,,12.2099994E-3,22.80000114,
,,,12.2199990E-3,21.60000038,
,,,12.2299995E-3,22.00000000,
,,,12.2399991E-3,20.39999962,
,,,12.2499997E-3,21.20000076,
,,,12.2599993E-3,20.0000000,
,,,12.2699998E-3,20.80000114,
,,,12.2799994E-3,19.2000008,
,,,12.2899991E-3,20.0000000,
,,,12.2999996E-3,18.0000000,
,,,12.3099992E-3,19.2000008,
,,,12.3199997E-3,15.1999998,
,,,12.3299994E-3,17.6000004,
,,,12.3399990E-3,13.6000004,
,,,12.3499995E-3,15.1999998,
,,,12.3599991E-3,14.0000000,
,,,12.3699997E-3,14.4000006,
,,,12.3799993E-3,14.0000000,
,,,12.3899998E-3,14.8000002,
,,,12.3999994E-3,14.4000006,
,,,12.4099990E-3,15.1999998,
,,,12.4199996E-3,14.8000002,
,,,12.4299992E-3,16.0000000,
,,,12.4399997E-3,15.6000004,
,,,12.4499993E-3,16.3999996,
,,,12.4599990E-3,16.3999996,
,,,12.4699995E-3,17.2000008,
,,,12.4799991E-3,16.8000011,
,,,12.4899996E-3,18.0000000,
,,,12.4999993E-3,18.0000000,
,,,12.5099998E-3,18.3999996,
,,,12.5199994E-3,18.8000011,
,,,12.5299990E-3,19.6000004,
,,,12.5399996E-3,19.2000008,
,,,12.5499992E-3,20.39999962,
,,,12.5599997E-3,20.39999962,
,,,12.5699993E-3,21.20000076,
,,,12.5799999E-3,20.80000114,
,,,12.5899995E-3,22.00000000,
,,,12.5999991E-3,21.60000038,
,,,12.6099996E-3,22.39999962,
,,,12.6199992E-3,22.39999962,
,,,12.6299998E-3,22.80000114,
,,,12.6399994E-3,22.39999962,
,,,12.6499990E-3,23.20000076,
,,,12.6599995E-3,23.20000076,
,,,12.6699992E-3,23.20000076,
,,,12.6799997E-3,23.20000076,
,,,12.6899993E-3,23.60000038,
,,,12.6999998E-3,23.20000076,
,,,12.7099995E-3,23.60000038,
,,,12.7199991E-3,23.20000076,
,,,12.7299996E-3,23.60000038,
,,,12.7399992E-3,23.20000076,
,,,12.7499998E-3,23.20000076,
,,,12.7599994E-3,22.80000114,
,,,12.7699990E-3,22.80000114,
,,,12.7799995E-3,22.00000000,
,,,12.7899991E-3,22.80000114,
,,,12.7999997E-3,21.60000038,
,,,12.8099993E-3,22.39999962,
,,,12.8199998E-3,21.20000076,
,,,12.8299994E-3,21.60000038,
,,,12.8399990E-3,20.39999962,
,,,12.8499996E-3,21.20000076,
,,,12.8599992E-3,19.6000004,
,,,12.8699997E-3,20.39999962,
,,,12.8799994E-3,18.8000011,
,,,12.8899990E-3,19.6000004,
,,,12.8999995E-3,17.6000004,
,,,12.9099991E-3,18.8000011,
,,,12.9199997E-3,15.1999998,
,,,12.9299993E-3,17.6000004,
,,,12.9399998E-3,13.6000004,
,,,12.9499994E-3,15.1999998,
,,,12.9599990E-3,14.0000000,
,,,12.9699996E-3,14.0000000,
,,,12.9799992E-3,14.0000000,
,,,12.9899997E-3,14.8000002,
,,,12.9999993E-3,14.4000006,
,,,13.0099989E-3,15.1999998,
,,,13.0199995E-3,14.8000002,
,,,13.0299991E-3,15.6000004,
,,,13.0399996E-3,15.6000004,
,,,13.0499993E-3,16.3999996,
,,,13.0599998E-3,16.0000000,
,,,13.0699994E-3,17.2000008,
,,,13.0799990E-3,16.8000011,
,,,13.0899996E-3,17.6000004,
,,,13.0999992E-3,17.6000004,
,,,13.1099997E-3,18.3999996,
,,,13.1199993E-3,18.8000011,
,,,13.1299989E-3,19.2000008,
,,,13.1399995E-3,19.6000004,
,,,13.1499991E-3,20.0000000,
,,,13.1599996E-3,20.0000000,
,,,13.1699992E-3,20.80000114,
,,,13.1799998E-3,20.80000114,
,,,13.1899994E-3,21.20000076,
,,,13.1999990E-3,21.20000076,
,,,13.2099995E-3,22.00000000,
,,,13.2199991E-3,22.00000000,
,,,13.2299997E-3,22.39999962,
,,,13.2399993E-3,22.39999962,
,,,13.2499998E-3,22.80000114,
,,,13.2599995E-3,22.39999962,
,,,13.2699991E-3,22.80000114,
,,,13.2799996E-3,22.80000114,
,,,13.2899992E-3,23.20000076,
,,,13.2999998E-3,22.80000114,
,,,13.3099994E-3,23.20000076,
,,,13.3199990E-3,22.80000114,
,,,13.3299995E-3,23.20000076,
,,,13.3399991E-3,22.39999962,
,,,13.3499997E-3,22.80000114,
,,,13.3599993E-3,22.39999962,
,,,13.3699998E-3,22.80000114,
,,,13.3799994E-3,21.60000038,
,,,13.3899990E-3,22.39999962,
,,,13.3999996E-3,21.20000076,
,,,13.4099992E-3,21.60000038,
,,,13.4199997E-3,20.39999962,
,,,13.4299994E-3,21.20000076,
,,,13.4399990E-3,20.0000000,
,,,13.4499995E-3,20.39999962,
,,,13.4599991E-3,19.2000008,
,,,13.4699997E-3,20.0000000,
,,,13.4799993E-3,18.3999996,
,,,13.4899998E-3,18.8000011,
,,,13.4999994E-3,17.2000008,
,,,13.5099990E-3,18.3999996,
,,,13.5199996E-3,14.8000002,
,,,13.5299992E-3,17.2000008,
,,,13.5399997E-3,13.1999998,
,,,13.5499993E-3,14.4000006,
,,,13.5599989E-3,13.1999998,
,,,13.5699995E-3,13.6000004,
,,,13.5799991E-3,13.6000004,
,,,13.5899996E-3,14.0000000,
,,,13.5999992E-3,14.0000000,
,,,13.6099998E-3,14.4000006,
,,,13.6199994E-3,14.4000006,
,,,13.6299990E-3,15.1999998,
,,,13.6399996E-3,15.1999998,
,,,13.6499992E-3,16.0000000,
,,,13.6599997E-3,15.6000004,
,,,13.6699993E-3,16.3999996,
,,,13.6799989E-3,16.3999996,
,,,13.6899995E-3,17.2000008,
,,,13.6999991E-3,17.2000008,
,,,13.7099996E-3,17.6000004,
,,,13.7199992E-3,17.6000004,
,,,13.7299998E-3,18.3999996,
,,,13.7399994E-3,18.3999996,
,,,13.7499990E-3,19.6000004,
,,,13.7599995E-3,19.6000004,
,,,13.7699991E-3,20.39999962,
,,,13.7799997E-3,20.0000000,
,,,13.7899993E-3,20.80000114,
,,,13.7999989E-3,20.39999962,
,,,13.8099995E-3,21.60000038,
,,,13.8199991E-3,21.20000076,
,,,13.8299996E-3,22.00000000,
,,,13.8399992E-3,21.60000038,
,,,13.8499998E-3,22.00000000,
,,,13.8599994E-3,22.00000000,
,,,13.8699990E-3,22.39999962,
,,,13.8799995E-3,22.39999962,
,,,13.8899991E-3,22.39999962,
,,,13.8999997E-3,22.39999962,
,,,13.9099993E-3,22.80000114,
,,,13.9199998E-3,22.39999962,
,,,13.9299994E-3,22.39999962,
,,,13.9399990E-3,22.00000000,
,,,13.9499996E-3,22.39999962,
,,,13.9599992E-3,21.60000038,
,,,13.9699997E-3,22.39999962,
,,,13.9799993E-3,21.20000076,
,,,13.9899990E-3,22.00000000,
,,,13.9999995E-3,20.80000114,
,,,14.0099991E-3,21.60000038,
,,,14.0199997E-3,20.39999962,
,,,14.0299993E-3,21.20000076,
,,,14.0399998E-3,19.6000004,
,,,14.0499994E-3,20.39999962,
,,,14.0599990E-3,18.8000011,
,,,14.0699996E-3,19.6000004,
,,,14.0799992E-3,18.3999996,
,,,14.0899997E-3,18.8000011,
,,,14.0999993E-3,16.8000011,
,,,14.1099989E-3,18.0000000,
,,,14.1199995E-3,14.8000002,
,,,14.1299991E-3,17.2000008,
,,,14.1399996E-3,13.1999998,
,,,14.1499992E-3,14.4000006,
,,,14.1599998E-3,13.1999998,
,,,14.1699994E-3,13.6000004,
,,,14.1799990E-3,13.1999998,
,,,14.1899996E-3,14.0000000,
,,,14.1999992E-3,14.0000000,
,,,14.2099997E-3,14.4000006,
,,,14.2199993E-3,14.4000006,
,,,14.2299989E-3,15.1999998,
,,,14.2399995E-3,15.1999998,
,,,14.2499991E-3,15.6000004,
,,,14.2599996E-3,15.6000004,
,,,14.2699992E-3,16.3999996,
,,,14.2799998E-3,16.3999996,
,,,14.2899994E-3,16.8000011,
,,,14.2999990E-3,17.2000008,
,,,14.3099995E-3,17.6000004,
,,,14.3199991E-3,17.6000004,
,,,14.3299997E-3,18.3999996,
,,,14.3399993E-3,18.3999996,
,,,14.3499989E-3,19.2000008,
,,,14.3599994E-3,19.2000008,
,,,14.3699991E-3,19.6000004,
,,,14.3799996E-3,19.6000004,
,,,14.3899992E-3,20.39999962,
,,,14.3999998E-3,20.39999962,
,,,14.4099994E-3,21.20000076,
,,,14.4199990E-3,20.80000114,
,,,14.4299995E-3,21.60000038,
,,,14.4399991E-3,21.20000076,
,,,14.4499997E-3,22.00000000,
,,,14.4599993E-3,21.60000038,
,,,14.4699998E-3,22.00000000,
,,,14.4799994E-3,22.00000000,
,,,14.4899990E-3,22.00000000,
,,,14.4999996E-3,22.00000000,
,,,14.5099992E-3,22.39999962,
,,,14.5199997E-3,21.60000038,
,,,14.5299993E-3,22.39999962,
,,,14.5399990E-3,21.60000038,
,,,14.5499995E-3,22.00000000,
,,,14.5599991E-3,21.20000076,
,,,14.5699997E-3,21.60000038,
,,,14.5799993E-3,20.80000114,
,,,14.5899998E-3,21.60000038,
,,,14.5999994E-3,20.0000000,
,,,14.6099990E-3,20.80000114,
,,,14.6199996E-3,19.6000004,
,,,14.6299992E-3,20.39999962,
,,,14.6399997E-3,18.8000011,
,,,14.6499993E-3,19.6000004,
,,,14.6599989E-3,18.3999996,
,,,14.6699995E-3,18.8000011,
,,,14.6799991E-3,17.6000004,
,,,14.6899996E-3,18.3999996,
,,,14.6999992E-3,16.3999996,
,,,14.7099998E-3,17.6000004,
,,,14.7199994E-3,14.0000000,
,,,14.7299990E-3,16.8000011,
,,,14.7399995E-3,12.8000002,
,,,14.7499992E-3,14.0000000,
,,,14.7599997E-3,12.8000002,
,,,14.7699993E-3,13.1999998,
,,,14.7799989E-3,13.1999998,
,,,14.7899995E-3,13.6000004,
,,,14.7999991E-3,13.6000004,
,,,14.8099996E-3,14.0000000,
,,,14.8199992E-3,14.0000000,
,,,14.8299998E-3,14.4000006,
,,,14.8399994E-3,14.8000002,
,,,14.8499990E-3,15.1999998,
,,,14.8599995E-3,14.8000002,
,,,14.8699991E-3,15.6000004,
,,,14.8799997E-3,16.0000000,
,,,14.8899993E-3,16.3999996,
,,,14.8999989E-3,16.3999996,
,,,14.9099994E-3,17.2000008,
,,,14.9199991E-3,16.8000011,
,,,14.9299996E-3,18.0000000,
,,,14.9399992E-3,17.6000004,
,,,14.9499997E-3,18.3999996,
,,,14.9599994E-3,18.3999996,
,,,14.9699990E-3,19.2000008,
,,,14.9799995E-3,19.2000008,
,,,14.9899991E-3,20.0000000,
,,,14.9999997E-3,19.6000004,
,,,15.0099993E-3,20.39999962,
,,,15.0199989E-3,20.39999962,
,,,15.0299994E-3,20.80000114,
,,,15.0399990E-3,20.80000114,
,,,15.0499996E-3,21.60000038,
,,,15.0599992E-3,21.20000076,
,,,15.0699997E-3,21.60000038,
,,,15.0799993E-3,21.20000076,
,,,15.0899990E-3,22.00000000,
,,,15.0999995E-3,21.60000038,
,,,15.1099991E-3,22.00000000,
,,,15.1199996E-3,21.20000076,
,,,15.1299993E-3,22.00000000,
,,,15.1399998E-3,21.20000076,
,,,15.1499994E-3,21.60000038,
,,,15.1599990E-3,20.80000114,
,,,15.1699996E-3,21.60000038,
,,,15.1799992E-3,20.39999962,
,,,15.1899997E-3,20.80000114,
,,,15.1999993E-3,20.0000000,
,,,15.2099989E-3,20.39999962,
,,,15.2199995E-3,19.6000004,
,,,15.2299991E-3,20.0000000,
,,,15.2399996E-3,18.8000011,
,,,15.2499992E-3,19.6000004,
,,,15.2599998E-3,18.0000000,
,,,15.2699994E-3,18.3999996,
,,,15.2799990E-3,17.2000008,
,,,15.2899995E-3,18.0000000,
,,,15.2999992E-3,16.3999996,
,,,15.3099997E-3,17.2000008,
,,,15.3199993E-3,14.0000000,
,,,15.3299989E-3,16.3999996,
,,,15.3399995E-3,12.8000002,
,,,15.3499991E-3,13.6000004,
,,,15.3599996E-3,12.8000002,
,,,15.3699992E-3,13.1999998,
,,,15.3799998E-3,13.1999998,
,,,15.3899994E-3,13.1999998,
,,,15.3999990E-3,13.1999998,
,,,15.4099995E-3,13.6000004,
,,,15.4199991E-3,13.6000004,
,,,15.4299997E-3,14.4000006,
,,,15.4399993E-3,14.4000006,
,,,15.4499989E-3,14.8000002,
,,,15.4599994E-3,14.8000002,
,,,15.4699991E-3,15.6000004,
,,,15.4799996E-3,15.6000004,
,,,15.4899992E-3,16.3999996,
,,,15.4999997E-3,16.3999996,
,,,15.5099994E-3,16.8000011,
,,,15.5199990E-3,16.8000011,
,,,15.5299995E-3,17.6000004,
,,,15.5399991E-3,17.6000004,
,,,15.5499997E-3,18.3999996,
,,,15.5599993E-3,18.0000000,
,,,15.5699989E-3,19.2000008,
,,,15.5799994E-3,19.2000008,
,,,15.5899990E-3,19.6000004,
,,,15.5999996E-3,19.6000004,
,,,15.6099992E-3,20.0000000,
,,,15.6199997E-3,20.0000000,
,,,15.6299993E-3,20.39999962,
,,,15.6399999E-3,20.39999962,
,,,15.6499986E-3,20.80000114,
,,,15.6599991E-3,20.80000114,
,,,15.6699996E-3,21.20000076,
,,,15.6800002E-3,20.80000114,
,,,15.6899989E-3,21.20000076,
,,,15.6999994E-3,20.80000114,
,,,15.7099999E-3,21.20000076,
,,,15.7199986E-3,20.80000114,
,,,15.7299992E-3,21.20000076,
,,,15.7399997E-3,20.80000114,
,,,15.7500003E-3,21.20000076,
,,,15.7599989E-3,20.39999962,
,,,15.7699995E-3,20.80000114,
,,,15.7800000E-3,20.0000000,
,,,15.7899987E-3,20.39999962,
,,,15.7999992E-3,19.6000004,
,,,15.8099998E-3,20.0000000,
,,,15.8199985E-3,18.8000011,
,,,15.8299990E-3,19.6000004,
,,,15.8399995E-3,18.0000000,
,,,15.8500001E-3,19.2000008,
,,,15.8599988E-3,17.2000008,
,,,15.8699993E-3,18.3999996,
,,,15.8799998E-3,16.8000011,
,,,15.8899985E-3,17.6000004,
,,,15.8999991E-3,16.0000000,
,,,15.9099996E-3,17.2000008,
,,,15.9200002E-3,13.6000004,
,,,15.9299988E-3,16.3999996,
,,,15.9399994E-3,12.4000006,
,,,15.9499999E-3,13.6000004,
,,,15.9599986E-3,12.4000006,
,,,15.9699991E-3,12.8000002,
,,,15.9799997E-3,12.4000006,
,,,15.9900002E-3,12.8000002,
,,,15.9999989E-3,12.8000002,
,,,16.0099994E-3,13.1999998,
,,,16.0200000E-3,13.1999998,
,,,16.0299987E-3,14.0000000,
,,,16.0399992E-3,14.0000000,
,,,16.0499997E-3,14.4000006,
,,,16.0599984E-3,14.0000000,
,,,16.0699990E-3,15.1999998,
,,,16.0799995E-3,15.1999998,
,,,16.0900000E-3,15.6000004,
,,,16.0999987E-3,15.6000004,
,,,16.1099993E-3,16.3999996,
,,,16.1199998E-3,16.0000000,
,,,16.1299985E-3,17.2000008,
,,,16.1399990E-3,17.2000008,
,,,16.1499996E-3,18.0000000,
,,,16.1600001E-3,17.6000004,
,,,16.1699988E-3,18.8000011,
,,,16.1799993E-3,18.3999996,
,,,16.1899999E-3,18.8000011,
,,,16.1999986E-3,18.8000011,
,,,16.2099991E-3,19.6000004,
,,,16.2199996E-3,19.6000004,
,,,16.2300002E-3,20.39999962,
,,,16.2399989E-3,20.0000000,
,,,16.2499994E-3,20.39999962,
,,,16.2599999E-3,20.0000000,
,,,16.2699986E-3,20.80000114,
,,,16.2799992E-3,20.39999962,
,,,16.2899997E-3,20.80000114,
,,,16.2999984E-3,20.39999962,
,,,16.3099989E-3,21.20000076,
,,,16.3199995E-3,20.39999962,
,,,16.3300000E-3,20.80000114,
,,,16.3399987E-3,20.0000000,
,,,16.3499992E-3,20.80000114,
,,,16.3599998E-3,20.0000000,
,,,16.3699985E-3,20.39999962,
,,,16.3799990E-3,19.6000004,
,,,16.3899995E-3,20.39999962,
,,,16.4000001E-3,18.8000011,
,,,16.4099988E-3,19.6000004,
,,,16.4199993E-3,18.3999996,
,,,16.4299998E-3,19.2000008,
,,,16.4399985E-3,17.6000004,
,,,16.4499991E-3,18.3999996,
,,,16.4599996E-3,17.2000008,
,,,16.4700001E-3,18.0000000,
,,,16.4799988E-3,16.3999996,
,,,16.4899994E-3,17.2000008,
,,,16.4999999E-3,15.6000004,
,,,16.5099986E-3,16.8000011,
,,,16.5199991E-3,13.6000004,
,,,16.5299997E-3,15.6000004,
,,,16.5400002E-3,12.4000006,
,,,16.5499989E-3,13.1999998,
,,,16.5599994E-3,12.0000000,
,,,16.5700000E-3,12.8000002,
,,,16.5799987E-3,12.4000006,
,,,16.5899992E-3,12.8000002,
,,,16.5999997E-3,12.8000002,
,,,16.6099984E-3,13.1999998,
,,,16.6199990E-3,13.1999998,
,,,16.6299995E-3,14.0000000,
,,,16.6400000E-3,14.0000000,
,,,16.6499987E-3,14.4000006,
,,,16.6599993E-3,14.4000006,
,,,16.6699998E-3,14.8000002,
,,,16.6799985E-3,14.8000002,
,,,16.6899990E-3,15.6000004,
,,,16.6999996E-3,15.6000004,
,,,16.7100001E-3,16.3999996,
,,,16.7199988E-3,16.0000000,
,,,16.7299993E-3,16.8000011,
,,,16.7399999E-3,16.8000011,
,,,16.7499986E-3,17.6000004,
,,,16.7599991E-3,17.2000008,
,,,16.7699996E-3,18.3999996,
,,,16.7800002E-3,18.0000000,
,,,16.7899989E-3,18.3999996,
,,,16.7999994E-3,18.8000011,
,,,16.8099999E-3,19.2000008,
,,,16.8199986E-3,19.2000008,
,,,16.8299992E-3,19.6000004,
,,,16.8399997E-3,19.6000004,
,,,16.8499984E-3,20.0000000,
,,,16.8599989E-3,20.0000000,
,,,16.8699995E-3,20.39999962,
,,,16.8800000E-3,20.0000000,
,,,16.8899987E-3,20.39999962,
,,,16.8999992E-3,20.0000000,
,,,16.9099998E-3,20.39999962,
,,,16.9199985E-3,20.0000000,
,,,16.9299990E-3,20.39999962,
,,,16.9399995E-3,19.6000004,
,,,16.9500001E-3,20.39999962,
,,,16.9599988E-3,19.6000004,
,,,16.9699993E-3,20.0000000,
,,,16.9799998E-3,18.8000011,
,,,16.9899985E-3,19.6000004,
,,,16.9999991E-3,18.3999996,
,,,17.0099996E-3,19.2000008,
,,,17.0200001E-3,18.0000000,
,,,17.0299988E-3,18.3999996,
,,,17.0399994E-3,17.2000008,
,,,17.0499999E-3,18.0000000,
,,,17.0599986E-3,16.8000011,
,,,17.0699991E-3,17.6000004,
,,,17.0799997E-3,16.0000000,
,,,17.0900002E-3,16.8000011,
,,,17.0999989E-3,15.1999998,
,,,17.1099994E-3,16.0000000,
,,,17.1200000E-3,13.6000004,
,,,17.1299987E-3,15.1999998,
,,,17.1399992E-3,11.6000004,
,,,17.1499997E-3,12.8000002,
,,,17.1599984E-3,11.6000004,
,,,17.1699990E-3,12.0000000,
,,,17.1799995E-3,12.0000000,
,,,17.1900000E-3,12.4000006,
,,,17.1999987E-3,12.4000006,
,,,17.2099993E-3,12.8000002,
,,,17.2199998E-3,12.8000002,
,,,17.2299985E-3,13.1999998,
,,,17.2399990E-3,13.6000004,
,,,17.2499996E-3,14.0000000,
,,,17.2600001E-3,14.0000000,
,,,17.2699988E-3,14.8000002,
,,,17.2799993E-3,14.4000006,
,,,17.2899999E-3,15.1999998,
,,,17.2999986E-3,15.1999998,
,,,17.3099991E-3,16.0000000,
,,,17.3199996E-3,15.6000004,
,,,17.3300002E-3,16.3999996,
,,,17.3399989E-3,16.0000000,
,,,17.3499994E-3,16.8000011,
,,,17.3599999E-3,17.2000008,
,,,17.3699986E-3,18.0000000,
,,,17.3799992E-3,17.2000008,
,,,17.3899997E-3,18.0000000,
,,,17.3999984E-3,18.0000000,
,,,17.4099989E-3,18.8000011,
,,,17.4199995E-3,18.3999996,
,,,17.4300000E-3,19.2000008,
,,,17.4399987E-3,18.8000011,
,,,17.4499992E-3,19.6000004,
,,,17.4599998E-3,19.2000008,
,,,17.4699984E-3,20.0000000,
,,,17.4799990E-3,19.6000004,
,,,17.4899995E-3,20.0000000,
,,,17.5000001E-3,19.6000004,
,,,17.5099988E-3,20.0000000,
,,,17.5199993E-3,19.6000004,
,,,17.5299998E-3,20.0000000,
,,,17.5399985E-3,19.2000008,
,,,17.5499991E-3,19.6000004,
,,,17.5599996E-3,19.2000008,
,,,17.5700001E-3,19.6000004,
,,,17.5799988E-3,18.8000011,
,,,17.5899994E-3,19.2000008,
,,,17.5999999E-3,18.0000000,
,,,17.6099986E-3,18.8000011,
,,,17.6199991E-3,17.6000004,
,,,17.6299997E-3,18.3999996,
,,,17.6399983E-3,17.2000008,
,,,17.6499989E-3,18.0000000,
,,,17.6599994E-3,16.8000011,
,,,17.6700000E-3,17.2000008,
,,,17.6799987E-3,16.0000000,
,,,17.6899992E-3,16.8000011,
,,,17.6999997E-3,14.8000002,
,,,17.7099984E-3,16.0000000,
,,,17.7199990E-3,13.1999998,
,,,17.7299995E-3,15.1999998,
,,,17.7400000E-3,11.6000004,
,,,17.7499987E-3,12.4000006,
,,,17.7599993E-3,11.6000004,
,,,17.7699998E-3,12.0000000,
,,,17.7799985E-3,12.0000000,
,,,17.7899990E-3,12.4000006,
,,,17.7999996E-3,12.0000000,
,,,17.8100001E-3,12.8000002,
,,,17.8199988E-3,12.8000002,
,,,17.8299993E-3,13.1999998,
,,,17.8399999E-3,13.1999998,
,,,17.8499985E-3,14.0000000,
,,,17.8599991E-3,13.6000004,
,,,17.8699996E-3,14.4000006,
,,,17.8800002E-3,14.0000000,
,,,17.8899989E-3,15.1999998,
,,,17.8999994E-3,14.8000002,
,,,17.9099999E-3,15.6000004,
,,,17.9199986E-3,15.6000004,
,,,17.9299992E-3,16.3999996,
,,,17.9399997E-3,16.0000000,
,,,17.9499984E-3,16.8000011,
,,,17.9599989E-3,16.3999996,
,,,17.9699995E-3,17.6000004,
,,,17.9800000E-3,16.8000011,
,,,17.9899987E-3,18.0000000,
,,,17.9999992E-3,17.6000004,
,,,18.0099998E-3,18.3999996,
,,,18.0199984E-3,18.0000000,
,,,18.0299990E-3,18.8000011,
,,,18.0399995E-3,18.8000011,
,,,18.0500001E-3,19.2000008,
,,,18.0599988E-3,18.8000011,
,,,18.0699993E-3,19.6000004,
,,,18.0799998E-3,19.2000008,
,,,18.0899985E-3,19.6000004,
,,,18.0999991E-3,19.2000008,
,,,18.1099996E-3,19.6000004,
,,,18.1200001E-3,19.2000008,
,,,18.1299988E-3,19.6000004,
,,,18.1399994E-3,18.8000011,
,,,18.1499999E-3,19.2000008,
,,,18.1599986E-3,18.3999996,
,,,18.1699991E-3,19.2000008,
,,,18.1799997E-3,18.3999996,
,,,18.1899983E-3,18.8000011,
,,,18.1999989E-3,17.6000004,
,,,18.2099994E-3,18.3999996,
,,,18.2200000E-3,17.2000008,
,,,18.2299986E-3,17.6000004,
,,,18.2399992E-3,16.3999996,
,,,18.2499997E-3,17.6000004,
,,,18.2599984E-3,16.3999996,
,,,18.2699990E-3,16.8000011,
,,,18.2799995E-3,15.6000004,
,,,18.2900000E-3,16.3999996,
,,,18.2999987E-3,14.8000002,
,,,18.3099993E-3,15.6000004,
,,,18.3199998E-3,12.8000002,
,,,18.3299985E-3,15.1999998,
,,,18.3399990E-3,11.1999998,
,,,18.3499996E-3,12.4000006,
,,,18.3600001E-3,11.1999998,
,,,18.3699988E-3,11.6000004,
,,,18.3799993E-3,11.6000004,
,,,18.3899999E-3,12.0000000,
,,,18.3999985E-3,12.0000000,
,,,18.4099991E-3,12.4000006,
,,,18.4199996E-3,12.4000006,
,,,18.4300002E-3,13.1999998,
,,,18.4399989E-3,12.8000002,
,,,18.4499994E-3,13.6000004,
,,,18.4599999E-3,13.1999998,
,,,18.4699986E-3,13.6000004,
,,,18.4799992E-3,14.0000000,
,,,18.4899997E-3,14.4000006,
,,,18.4999984E-3,14.8000002,
,,,18.5099989E-3,15.1999998,
,,,18.5199995E-3,15.1999998,
,,,18.5300000E-3,15.6000004,
,,,18.5399987E-3,15.6000004,
,,,18.5499992E-3,16.3999996,
,,,18.5599998E-3,16.3999996,
,,,18.5699984E-3,17.2000008,
,,,18.5799990E-3,16.8000011,
,,,18.5899995E-3,17.6000004,
,,,18.6000001E-3,17.6000004,
,,,18.6099987E-3,18.0000000,
,,,18.6199993E-3,17.6000004,
,,,18.6299998E-3,18.3999996,
,,,18.6399985E-3,18.0000000,
,,,18.6499991E-3,18.8000011,
,,,18.6599996E-3,18.0000000,
,,,18.6700001E-3,18.8000011,
,,,18.6799988E-3,18.8000011,
,,,18.6899994E-3,19.2000008,
,,,18.6999999E-3,18.8000011,
,,,18.7099986E-3,19.2000008,
,,,18.7199991E-3,18.8000011,
,,,18.7299997E-3,19.2000008,
,,,18.7399983E-3,18.3999996,
,,,18.7499989E-3,18.8000011,
,,,18.7599994E-3,18.0000000,
,,,18.7700000E-3,18.8000011,
,,,18.7799986E-3,18.0000000,
,,,18.7899992E-3,18.3999996,
,,,18.7999997E-3,17.2000008,
,,,18.8099984E-3,18.0000000,
,,,18.8199989E-3,16.8000011,
,,,18.8299995E-3,17.6000004,
,,,18.8400000E-3,16.3999996,
,,,18.8499987E-3,16.8000011,
,,,18.8599993E-3,16.0000000,
,,,18.8699998E-3,16.8000011,
,,,18.8799985E-3,15.1999998,
,,,18.8899990E-3,16.0000000,
,,,18.8999996E-3,14.4000006,
,,,18.9100001E-3,15.1999998,
,,,18.9199988E-3,12.4000006,
,,,18.9299993E-3,14.4000006,
,,,18.9399999E-3,11.1999998,
,,,18.9499985E-3,12.0000000,
,,,18.9599991E-3,11.1999998,
,,,18.9699996E-3,11.6000004,
,,,18.9800002E-3,11.1999998,
,,,18.9899988E-3,11.6000004,
,,,18.9999994E-3,11.6000004,
,,,19.0099999E-3,12.0000000,
,,,19.0199986E-3,12.0000000,
,,,19.0299992E-3,12.8000002,
,,,19.0399997E-3,12.8000002,
,,,19.0499984E-3,13.6000004,
,,,19.0599989E-3,13.1999998,
,,,19.0699995E-3,13.6000004,
,,,19.0800000E-3,13.6000004,
,,,19.0899987E-3,14.4000006,
,,,19.0999992E-3,14.4000006,
,,,19.1099998E-3,15.1999998,
,,,19.1199984E-3,15.1999998,
,,,19.1299990E-3,15.6000004,
,,,19.1399995E-3,15.6000004,
,,,19.1500001E-3,16.3999996,
,,,19.1599987E-3,16.3999996,
,,,19.1699993E-3,16.8000011,
,,,19.1799998E-3,16.8000011,
,,,19.1899985E-3,17.2000008,
,,,19.1999990E-3,16.8000011,
,,,19.2099996E-3,18.0000000,
,,,19.2200001E-3,17.2000008,
,,,19.2299988E-3,18.3999996,
,,,19.2399994E-3,17.6000004,
,,,19.2499999E-3,18.3999996,
,,,19.2599986E-3,18.0000000,
,,,19.2699991E-3,18.8000011,
,,,19.2799997E-3,18.3999996,
,,,19.2899983E-3,18.8000011,
,,,19.2999989E-3,18.3999996,
,,,19.3099994E-3,18.8000011,
,,,19.3200000E-3,18.3999996,
,,,19.3299986E-3,18.8000011,
,,,19.3399992E-3,18.0000000,
,,,19.3499997E-3,18.8000011,
,,,19.3599984E-3,18.0000000,
,,,19.3699989E-3,18.3999996,
,,,19.3799995E-3,17.6000004,
,,,19.3900000E-3,18.0000000,
,,,19.3999987E-3,17.2000008,
,,,19.4099993E-3,17.6000004,
,,,19.4199998E-3,16.8000011,
,,,19.4299985E-3,17.2000008,
,,,19.4399990E-3,16.0000000,
,,,19.4499996E-3,16.8000011,
,,,19.4600001E-3,15.6000004,
,,,19.4699988E-3,16.3999996,
,,,19.4799993E-3,15.1999998,
,,,19.4899999E-3,15.6000004,
,,,19.4999985E-3,14.4000006,
,,,19.5099991E-3,15.1999998,
,,,19.5199996E-3,12.4000006,
,,,19.5299983E-3,14.0000000,
,,,19.5399988E-3,10.8000002,
,,,19.5499994E-3,11.6000004,
,,,19.5599999E-3,10.8000002,
,,,19.5699986E-3,11.1999998,
,,,19.5799991E-3,11.1999998,
,,,19.5899997E-3,11.6000004,
,,,19.5999984E-3,11.1999998,
,,,19.6099989E-3,12.0000000,
,,,19.6199995E-3,11.6000004,
,,,19.6300000E-3,12.4000006,
,,,19.6399987E-3,12.4000006,
,,,19.6499992E-3,12.8000002,
,,,19.6599998E-3,12.8000002,
,,,19.6699984E-3,13.1999998,
,,,19.6799990E-3,13.1999998,
,,,19.6899995E-3,14.0000000,
,,,19.7000001E-3,14.0000000,
,,,19.7099987E-3,14.8000002,
,,,19.7199993E-3,14.8000002,
,,,19.7299998E-3,15.1999998,
,,,19.7399985E-3,15.1999998,
,,,19.7499990E-3,16.0000000,
,,,19.7599996E-3,16.0000000,
,,,19.7700001E-3,16.3999996,
,,,19.7799988E-3,16.3999996,
,,,19.7899994E-3,16.8000011,
,,,19.7999999E-3,16.8000011,
,,,19.8099986E-3,17.2000008,
,,,19.8199991E-3,16.8000011,
,,,19.8299997E-3,18.0000000,
,,,19.8399983E-3,17.2000008,
,,,19.8499989E-3,18.0000000,
,,,19.8599994E-3,17.6000004,
,,,19.8700000E-3,18.3999996,
,,,19.8799986E-3,18.0000000,
,,,19.8899992E-3,18.3999996,
,,,19.8999997E-3,18.0000000,
,,,19.9099984E-3,18.3999996,
,,,19.9199989E-3,18.0000000,
,,,19.9299995E-3,18.3999996,
,,,19.9400000E-3,17.6000004,
,,,19.9499987E-3,18.3999996,
,,,19.9599992E-3,17.2000008,
,,,19.9699998E-3,18.0000000,
,,,19.9799985E-3,17.2000008,
,,,19.9899990E-3,18.0000000,
,,,19.9999996E-3,16.8000011,
,,,20.0100001E-3,17.2000008,
,,,20.0199988E-3,16.3999996,
,,,20.0299993E-3,16.8000011,
,,,20.0399999E-3,15.6000004,
,,,20.0499985E-3,16.3999996,
,,,20.0599991E-3,15.1999998,
,,,20.0699996E-3,16.0000000,
,,,20.0799983E-3,14.4000006,
,,,20.08999884E-3,15.1999998,
,,,20.09999938E-3,14.0000000,
,,,20.10999992E-3,14.8000002,
,,,20.11999860E-3,12.0000000,
,,,20.12999915E-3,14.0000000,
,,,20.13999969E-3,10.4000006,
,,,20.14999837E-3,11.6000004,
,,,20.15999891E-3,10.4000006,
,,,20.16999945E-3,10.8000002,
,,,20.17999999E-3,11.1999998,
,,,20.18999867E-3,11.1999998,
,,,20.19999921E-3,11.1999998,
,,,20.20999976E-3,11.6000004,
,,,20.21999843E-3,11.6000004,
,,,20.22999898E-3,12.0000000,
,,,20.23999952E-3,12.0000000,
,,,20.25000006E-3,12.8000002,
,,,20.25999874E-3,12.4000006,
,,,20.26999928E-3,13.1999998,
,,,20.27999982E-3,13.1999998,
,,,20.28999850E-3,14.0000000,
,,,20.29999904E-3,14.0000000,
,,,20.30999959E-3,14.4000006,
,,,20.32000013E-3,14.0000000,
,,,20.32999881E-3,14.8000002,
,,,20.33999935E-3,14.8000002,
,,,20.34999989E-3,15.6000004,
,,,20.35999857E-3,15.6000004,
,,,20.36999911E-3,16.3999996,
,,,20.37999965E-3,16.0000000,
,,,20.38999833E-3,16.8000011,
,,,20.39999887E-3,16.3999996,
,,,20.40999942E-3,16.8000011,
,,,20.41999996E-3,16.8000011,
,,,20.42999864E-3,17.6000004,
,,,20.43999918E-3,16.8000011,
,,,20.44999972E-3,17.6000004,
,,,20.45999840E-3,17.2000008,
,,,20.46999894E-3,18.0000000,
,,,20.47999948E-3,17.6000004,
,,,20.49000002E-3,18.3999996,
,,,20.49999870E-3,17.6000004,
,,,20.50999925E-3,18.0000000,
,,,20.51999979E-3,17.2000008,
,,,20.52999847E-3,18.0000000,
,,,20.53999901E-3,17.2000008,
,,,20.54999955E-3,18.0000000,
,,,20.56000009E-3,16.8000011,
,,,20.56999877E-3,17.6000004,
,,,20.57999931E-3,16.3999996,
,,,20.58999985E-3,17.2000008,
,,,20.59999853E-3,16.3999996,
,,,20.60999908E-3,16.8000011,
,,,20.61999962E-3,16.0000000,
,,,20.62999830E-3,16.3999996,
,,,20.63999884E-3,15.1999998,
,,,20.64999938E-3,16.3999996,
,,,20.65999992E-3,14.8000002,
,,,20.66999860E-3,15.6000004,
,,,20.67999914E-3,14.0000000,
,,,20.68999968E-3,15.1999998,
,,,20.69999836E-3,13.6000004,
,,,20.70999891E-3,14.4000006,
,,,20.71999945E-3,12.0000000,
,,,20.72999999E-3,13.6000004,
,,,20.73999867E-3,10.4000006,
,,,20.74999921E-3,11.6000004,
,,,20.75999975E-3,10.4000006,
,,,20.76999843E-3,10.8000002,
,,,20.77999897E-3,10.8000002,
,,,20.78999951E-3,11.1999998,
,,,20.80000006E-3,10.8000002,
,,,20.80999874E-3,11.6000004,
,,,20.81999928E-3,11.1999998,
,,,20.82999982E-3,12.0000000,
,,,20.83999850E-3,11.6000004,
,,,20.84999904E-3,12.4000006,
,,,20.85999958E-3,12.4000006,
,,,20.87000012E-3,12.8000002,
,,,20.87999880E-3,12.8000002,
,,,20.88999934E-3,13.6000004,
,,,20.89999989E-3,13.6000004,
,,,20.90999857E-3,14.0000000,
,,,20.91999911E-3,14.0000000,
,,,20.92999965E-3,14.4000006,
,,,20.93999833E-3,14.8000002,
,,,20.94999887E-3,15.1999998,
,,,20.95999941E-3,15.1999998,
,,,20.96999995E-3,15.6000004,
,,,20.97999863E-3,15.6000004,
,,,20.98999918E-3,16.3999996,
,,,20.99999972E-3,16.0000000,
,,,21.00999840E-3,16.8000011,
,,,21.01999894E-3,16.3999996,
,,,21.02999948E-3,17.2000008,
,,,21.04000002E-3,16.8000011,
,,,21.04999870E-3,17.6000004,
,,,21.05999924E-3,16.8000011,
,,,21.06999978E-3,17.6000004,
,,,21.07999846E-3,17.2000008,
,,,21.08999901E-3,17.6000004,
,,,21.09999955E-3,16.8000011,
,,,21.11000009E-3,17.6000004,
,,,21.11999877E-3,16.8000011,
,,,21.12999931E-3,17.6000004,
,,,21.13999985E-3,17.2000008,
,,,21.14999853E-3,17.6000004,
,,,21.15999907E-3,16.8000011,
,,,21.16999961E-3,17.2000008,
,,,21.17999829E-3,16.3999996,
,,,21.18999884E-3,17.2000008,
,,,21.19999938E-3,16.0000000,
,,,21.20999992E-3,16.8000011,
,,,21.21999860E-3,15.6000004,
,,,21.22999914E-3,16.3999996,
,,,21.23999968E-3,15.1999998,
,,,21.24999836E-3,15.6000004,
,,,21.25999890E-3,14.8000002,
,,,21.26999944E-3,15.1999998,
,,,21.27999999E-3,14.0000000,
,,,21.28999867E-3,14.8000002,
,,,21.29999921E-3,13.1999998,
,,,21.30999975E-3,14.0000000,
,,,21.31999843E-3,12.8000002,
,,,21.32999897E-3,13.6000004,
,,,21.33999951E-3,12.0000000,
,,,21.35000005E-3,12.8000002,
,,,21.35999873E-3,11.1999998,
,,,21.36999927E-3,12.0000000,
,,,21.37999982E-3,10.8000002,
,,,21.38999850E-3,11.6000004,
,,,21.39999904E-3,10.0000000,
,,,21.40999958E-3,10.4000006,
,,,21.41999826E-3,9.199999809,
,,,21.42999880E-3,10.0000000,
,,,21.43999934E-3,8.400000572,
,,,21.44999988E-3,9.199999809,
,,,21.45999856E-3,8.000000000,
,,,21.46999910E-3,8.400000572,
,,,21.47999965E-3,7.599999905,
,,,21.48999833E-3,8.000000000,
,,,21.49999887E-3,6.80000019,
,,,21.50999941E-3,7.599999905,
,,,21.51999995E-3,6.40000010,
,,,21.52999863E-3,6.80000019,
,,,21.53999917E-3,6.00000000,
,,,21.54999971E-3,6.40000010,
,,,21.55999839E-3,5.59999990,
,,,21.56999893E-3,6.00000000,
,,,21.57999948E-3,4.80000019,
,,,21.59000002E-3,5.59999990,
,,,21.59999870E-3,4.40000010,
,,,21.60999924E-3,5.20000029,
,,,21.61999978E-3,4.40000010,
,,,21.62999846E-3,4.80000019,
,,,21.63999900E-3,4.00000000,
,,,21.64999954E-3,4.40000010,
,,,21.66000009E-3,3.60000014,
,,,21.66999876E-3,4.00000000,
,,,21.67999931E-3,3.60000014,
,,,21.68999985E-3,3.60000014,
,,,21.69999853E-3,3.20000005,
,,,21.70999907E-3,3.60000014,
,,,21.71999961E-3,2.79999995,
,,,21.72999829E-3,3.20000005,
,,,21.73999883E-3,2.4000001,
,,,21.74999937E-3,3.20000005,
,,,21.75999992E-3,2.4000001,
,,,21.76999860E-3,2.79999995,
,,,21.77999914E-3,2.4000001,
,,,21.78999968E-3,2.79999995,
,,,21.79999836E-3,2.4000001,
,,,21.80999890E-3,2.79999995,
,,,21.81999944E-3,2.4000001,
,,,21.82999998E-3,2.4000001,
,,,21.83999866E-3,2.0000000,
,,,21.84999920E-3,2.4000001,
,,,21.85999975E-3,1.6000000,
,,,21.86999843E-3,2.4000001,
,,,21.87999897E-3,2.0000000,
,,,21.88999951E-3,2.4000001,
,,,21.90000005E-3,1.6000000,
,,,21.90999873E-3,2.0000000,
,,,21.91999927E-3,1.6000000,
,,,21.92999981E-3,2.0000000,
,,,21.93999849E-3,1.6000000,
,,,21.94999903E-3,2.0000000,
,,,21.95999958E-3,1.6000000,
,,,21.96999826E-3,2.0000000,
,,,21.97999880E-3,1.6000000,
,,,21.98999934E-3,1.6000000,
,,,21.99999988E-3,1.6000000,
,,,22.00999856E-3,2.0000000,
,,,22.01999910E-3,1.2000000,
,,,22.02999964E-3,1.6000000,
,,,22.03999832E-3,1.2000000,
,,,22.04999886E-3,1.6000000,
,,,22.05999941E-3,1.2000000,
,,,22.06999995E-3,1.6000000,
,,,22.07999863E-3,1.2000000,
,,,22.08999917E-3,1.6000000,
,,,22.09999971E-3,1.2000000,
,,,22.10999839E-3,1.6000000,
,,,22.11999893E-3,1.2000000,
,,,22.12999947E-3,1.6000000,
,,,22.14000002E-3,1.2000000,
,,,22.14999869E-3,1.6000000,
,,,22.15999924E-3,1.2000000,
,,,22.16999978E-3,1.6000000,
,,,22.17999846E-3,1.2000000,
,,,22.18999900E-3,1.6000000,
,,,22.19999954E-3,1.2000000,
,,,22.21000008E-3,1.6000000,
,,,22.21999876E-3,1.2000000,
,,,22.22999930E-3,1.2000000,
,,,22.23999985E-3,800.000011921E-3,
,,,22.24999852E-3,1.2000000,
,,,22.25999907E-3,1.2000000,
,,,22.26999961E-3,1.2000000,
,,,22.27999829E-3,1.2000000,
,,,22.28999883E-3,1.2000000,
,,,22.29999937E-3,1.2000000,
,,,22.30999991E-3,1.2000000,
,,,22.31999859E-3,800.000011921E-3,
,,,22.32999913E-3,1.2000000,
,,,22.33999968E-3,1.2000000,
,,,22.34999835E-3,1.2000000,
,,,22.35999890E-3,800.000011921E-3,
,,,22.36999944E-3,1.2000000,
,,,22.37999998E-3,800.000011921E-3,
,,,22.38999866E-3,1.2000000,
,,,22.39999920E-3,1.2000000,
,,,22.40999974E-3,1.2000000,
,,,22.41999842E-3,800.000011921E-3,
,,,22.42999896E-3,1.2000000,
,,,22.43999951E-3,800.000011921E-3,
,,,22.45000005E-3,1.2000000,
,,,22.45999873E-3,800.000011921E-3,
,,,22.46999927E-3,1.2000000,
,,,22.47999981E-3,800.000011921E-3,
,,,22.48999849E-3,1.2000000,
,,,22.49999903E-3,800.000011921E-3,
,,,22.50999957E-3,1.2000000,
,,,22.51999825E-3,800.000011921E-3,
,,,22.52999879E-3,1.2000000,
,,,22.53999934E-3,800.000011921E-3,
,,,22.54999988E-3,1.2000000,
,,,22.55999856E-3,800.000011921E-3,
,,,22.56999910E-3,1.2000000,
,,,22.57999964E-3,800.000011921E-3,
,,,22.58999832E-3,1.2000000,
,,,22.59999886E-3,800.000011921E-3,
,,,22.60999940E-3,800.000011921E-3,
,,,22.61999995E-3,800.000011921E-3,
,,,22.62999862E-3,1.2000000,
,,,22.63999917E-3,800.000011921E-3,
,,,22.64999971E-3,1.2000000,
,,,22.65999839E-3,800.000011921E-3,
,,,22.66999893E-3,1.2000000,
,,,22.67999947E-3,800.000011921E-3,
,,,22.69000001E-3,800.000011921E-3,
,,,22.69999869E-3,800.000011921E-3,
,,,22.70999923E-3,1.2000000,
,,,22.71999978E-3,800.000011921E-3,
,,,22.72999845E-3,800.000011921E-3,
,,,22.73999900E-3,800.000011921E-3,
,,,22.74999954E-3,1.2000000,
,,,22.76000008E-3,800.000011921E-3,
,,,22.76999876E-3,800.000011921E-3,
,,,22.77999930E-3,800.000011921E-3,
,,,22.78999984E-3,1.2000000,
