Record Length,2500,Points,-6.80000056E-3,400.00000596E-3,
Sample Interval,39.99999899E-6,s,-6.76000072E-3,800.000011921E-3,
Trigger Point,170.00001819,Samples,-6.72000041E-3,600.000023842E-3,
,,,-6.68000057E-3,800.000011921E-3,
,,,-6.64000073E-3,400.00000596E-3,
,,,-6.60000043E-3,800.000011921E-3,
Source,CH2,,-6.56000059E-3,600.000023842E-3,
Vertical Units,Volts,,-6.52000075E-3,800.000011921E-3,
Vertical Scale,5.00000007,,-6.48000045E-3,600.000023842E-3,
Vertical Offset,0,,-6.44000061E-3,800.000011921E-3,
Horizontal Units,s,,-6.40000077E-3,400.00000596E-3,
Horizontal Scale,9.999999747E-3,,-6.36000047E-3,800.000011921E-3,
Pt Fmt,Y,,-6.32000063E-3,600.000023842E-3,
Yzero,-2.1600000,,-6.28000079E-3,800.000011921E-3,
Probe Atten,10.0000000,,-6.24000048E-3,600.000023842E-3,
,,,-6.20000064E-3,800.000011921E-3,
Note,TDS 2022B - 5:49:23 PM   4/8/2025,,-6.16000034E-3,400.00000596E-3,
,,,-6.12000050E-3,600.000023842E-3,
,,,-6.08000066E-3,400.00000596E-3,
,,,-6.04000036E-3,800.000011921E-3,
,,,-6.00000052E-3,600.000023842E-3,
,,,-5.96000068E-3,800.000011921E-3,
,,,-5.92000037E-3,400.00000596E-3,
,,,-5.88000054E-3,800.000011921E-3,
,,,-5.84000070E-3,400.00000596E-3,
,,,-5.80000039E-3,800.000011921E-3,
,,,-5.76000055E-3,400.00000596E-3,
,,,-5.72000071E-3,800.000011921E-3,
,,,-5.68000041E-3,600.000023842E-3,
,,,-5.64000057E-3,800.000011921E-3,
,,,-5.60000073E-3,400.00000596E-3,
,,,-5.56000043E-3,800.000011921E-3,
,,,-5.52000059E-3,600.000023842E-3,
,,,-5.48000075E-3,800.000011921E-3,
,,,-5.44000044E-3,400.00000596E-3,
,,,-5.40000061E-3,800.000011921E-3,
,,,-5.36000077E-3,400.00000596E-3,
,,,-5.32000046E-3,800.000011921E-3,
,,,-5.28000062E-3,400.00000596E-3,
,,,-5.24000078E-3,800.000011921E-3,
,,,-5.20000048E-3,400.00000596E-3,
,,,-5.16000064E-3,800.000011921E-3,
,,,-5.12000080E-3,600.000023842E-3,
,,,-5.08000050E-3,800.000011921E-3,
,,,-5.04000066E-3,600.000023842E-3,
,,,-5.00000082E-3,800.000011921E-3,
,,,-4.96000051E-3,600.000023842E-3,
,,,-4.92000068E-3,800.000011921E-3,
,,,-4.88000084E-3,600.000023842E-3,
,,,-4.84000053E-3,800.000011921E-3,
,,,-4.80000069E-3,600.000023842E-3,
,,,-4.76000039E-3,1.000000,
,,,-4.72000055E-3,400.00000596E-3,
,,,-4.68000071E-3,800.000011921E-3,
,,,-4.64000041E-3,600.000023842E-3,
,,,-4.60000057E-3,800.000011921E-3,
,,,-4.56000073E-3,400.00000596E-3,
,,,-4.52000042E-3,800.000011921E-3,
,,,-4.48000059E-3,400.00000596E-3,
,,,-4.44000075E-3,800.000011921E-3,
,,,-4.40000044E-3,600.000023842E-3,
,,,-4.36000060E-3,800.000011921E-3,
,,,-4.32000076E-3,400.00000596E-3,
,,,-4.28000046E-3,800.000011921E-3,
,,,-4.24000062E-3,400.00000596E-3,
,,,-4.20000078E-3,800.000011921E-3,
,,,-4.16000048E-3,400.00000596E-3,
,,,-4.12000064E-3,800.000011921E-3,
,,,-4.08000080E-3,400.00000596E-3,
,,,-4.04000049E-3,800.000011921E-3,
,,,-4.00000066E-3,600.000023842E-3,
,,,-3.96000082E-3,800.000011921E-3,
,,,-3.92000051E-3,600.000023842E-3,
,,,-3.88000067E-3,800.000011921E-3,
,,,-3.84000060E-3,600.000023842E-3,
,,,-3.80000053E-3,800.000011921E-3,
,,,-3.76000069E-3,400.00000596E-3,
,,,-3.72000062E-3,800.000011921E-3,
,,,-3.68000055E-3,600.000023842E-3,
,,,-3.64000071E-3,800.000011921E-3,
,,,-3.60000064E-3,600.000023842E-3,
,,,-3.56000056E-3,800.000011921E-3,
,,,-3.52000073E-3,600.000023842E-3,
,,,-3.48000065E-3,600.000023842E-3,
,,,-3.44000058E-3,400.00000596E-3,
,,,-3.40000074E-3,800.000011921E-3,
,,,-3.36000067E-3,400.00000596E-3,
,,,-3.32000060E-3,800.000011921E-3,
,,,-3.28000076E-3,400.00000596E-3,
,,,-3.24000069E-3,800.000011921E-3,
,,,-3.20000062E-3,600.000023842E-3,
,,,-3.16000055E-3,800.000011921E-3,
,,,-3.12000071E-3,600.000023842E-3,
,,,-3.08000064E-3,800.000011921E-3,
,,,-3.04000056E-3,600.000023842E-3,
,,,-3.00000072E-3,800.000011921E-3,
,,,-2.96000065E-3,400.00000596E-3,
,,,-2.92000058E-3,800.000011921E-3,
,,,-2.88000074E-3,600.000023842E-3,
,,,-2.84000067E-3,800.000011921E-3,
,,,-2.80000060E-3,400.00000596E-3,
,,,-2.76000076E-3,800.000011921E-3,
,,,-2.72000069E-3,400.00000596E-3,
,,,-2.6800006E-3,600.000023842E-3,
,,,-2.6400005E-3,400.00000596E-3,
,,,-2.6000007E-3,800.000011921E-3,
,,,-2.5600006E-3,600.000023842E-3,
,,,-2.5200006E-3,800.000011921E-3,
,,,-2.4800007E-3,400.00000596E-3,
,,,-2.4400007E-3,800.000011921E-3,
,,,-2.4000006E-3,400.00000596E-3,
,,,-2.3600007E-3,800.000011921E-3,
,,,-2.3200007E-3,400.00000596E-3,
,,,-2.2800006E-3,800.000011921E-3,
,,,-2.2400008E-3,600.000023842E-3,
,,,-2.2000007E-3,800.000011921E-3,
,,,-2.1600006E-3,400.00000596E-3,
,,,-2.1200008E-3,800.000011921E-3,
,,,-2.0800007E-3,400.00000596E-3,
,,,-2.0400006E-3,600.000023842E-3,
,,,-2.0000008E-3,400.00000596E-3,
,,,-1.9600007E-3,800.000011921E-3,
,,,-1.9200006E-3,600.000023842E-3,
,,,-1.8800007E-3,800.000011921E-3,
,,,-1.8400007E-3,600.000023842E-3,
,,,-1.8000007E-3,800.000011921E-3,
,,,-1.7600007E-3,600.000023842E-3,
,,,-1.7200006E-3,800.000011921E-3,
,,,-1.6800007E-3,400.00000596E-3,
,,,-1.6400007E-3,800.000011921E-3,
,,,-1.6000007E-3,600.000023842E-3,
,,,-1.5600007E-3,800.000011921E-3,
,,,-1.5200006E-3,400.00000596E-3,
,,,-1.4800007E-3,800.000011921E-3,
,,,-1.4400007E-3,400.00000596E-3,
,,,-1.4000006E-3,800.000011921E-3,
,,,-1.3600007E-3,600.000023842E-3,
,,,-1.3200007E-3,800.000011921E-3,
,,,-1.2800007E-3,400.00000596E-3,
,,,-1.2400007E-3,800.000011921E-3,
,,,-1.2000008E-3,400.00000596E-3,
,,,-1.1600007E-3,800.000011921E-3,
,,,-1.1200007E-3,600.000023842E-3,
,,,-1.0800007E-3,800.000011921E-3,
,,,-1.0400007E-3,400.00000596E-3,
,,,-1.0000007E-3,800.000011921E-3,
,,,-960.000674240E-6,600.000023842E-3,
,,,-920.000718907E-6,800.000011921E-3,
,,,-880.000705365E-6,600.000023842E-3,
,,,-840.000691824E-6,800.000011921E-3,
,,,-800.000736490E-6,600.000023842E-3,
,,,-760.000722948E-6,800.000011921E-3,
,,,-720.000709407E-6,600.000023842E-3,
,,,-680.000695866E-6,800.000011921E-3,
,,,-640.000682324E-6,400.00000596E-3,
,,,-600.000726990E-6,800.000011921E-3,
,,,-560.000713449E-6,600.000023842E-3,
,,,-520.000699908E-6,800.000011921E-3,
,,,-480.000715470E-6,400.00000596E-3,
,,,-440.000731032E-6,800.000011921E-3,
,,,-400.00071749E-6,400.00000596E-3,
,,,-360.00070395E-6,800.000011921E-3,
,,,-320.00071951E-6,600.000023842E-3,
,,,-280.00073507E-6,800.000011921E-3,
,,,-240.00072153E-6,400.00000596E-3,
,,,-200.00072254E-6,800.000011921E-3,
,,,-160.00072355E-6,600.000023842E-3,
,,,-120.0007246E-6,800.000011921E-3,
,,,-80.000725575E-6,400.00000596E-3,
,,,-40.00072659E-6,800.000011921E-3,
,,,-727.595758438E-12,600.000023842E-3,
,,,39.99927139E-6,4.00000000,
,,,79.999270383E-6,4.59999990,
,,,119.9992694E-6,11.8000002,
,,,159.99926836E-6,12.4000006,
,,,199.99926735E-6,14.1999998,
,,,239.99926634E-6,14.0000000,
,,,279.99927988E-6,14.4000006,
,,,319.99926432E-6,12.6000004,
,,,359.99924876E-6,14.0000000,
,,,399.99926230E-6,10.6000004,
,,,439.999275841E-6,12.4000006,
,,,479.999260278E-6,8.400000572,
,,,519.999244716E-6,10.1999998,
,,,559.999258257E-6,6.40000010,
,,,599.999271799E-6,8.199999809,
,,,639.999285340E-6,4.59999990,
,,,679.999240674E-6,6.20000029,
,,,719.999254216E-6,3.40000010,
,,,759.999267757E-6,4.40000010,
,,,799.999223091E-6,2.2000000,
,,,839.999236632E-6,3.20000005,
,,,879.999250174E-6,1.2000000,
,,,919.999263715E-6,2.2000000,
,,,959.999277256E-6,1.000000,
,,,999.999232590E-6,1.4000000,
,,,1.0399993E-3,1.2000000,
,,,1.0799993E-3,1.6000000,
,,,1.1199992E-3,1.6000000,
,,,1.1599993E-3,2.0000000,
,,,1.1999992E-3,2.0000000,
,,,1.2399992E-3,3.00000000,
,,,1.2799993E-3,3.20000005,
,,,1.3199992E-3,4.40000010,
,,,1.3599992E-3,4.40000010,
,,,1.3999993E-3,6.00000000,
,,,1.4399992E-3,6.20000029,
,,,1.4799993E-3,8.000000000,
,,,1.5199992E-3,8.000000000,
,,,1.5599992E-3,10.1999998,
,,,1.5999993E-3,10.4000006,
,,,1.6399992E-3,12.4000006,
,,,1.6799993E-3,12.6000004,
,,,1.7199992E-3,14.6000004,
,,,1.7599992E-3,14.6000004,
,,,1.7999993E-3,16.0000000,
,,,1.8399992E-3,16.2000008,
,,,1.8799992E-3,17.0000000,
,,,1.9199993E-3,16.6000004,
,,,1.9599993E-3,17.0000000,
,,,1.9999992E-3,15.1999998,
,,,2.0399992E-3,16.6000004,
,,,2.0799993E-3,13.8000002,
,,,2.1199991E-3,15.4000006,
,,,2.1599992E-3,11.6000004,
,,,2.1999993E-3,13.4000006,
,,,2.2399991E-3,9.199999809,
,,,2.2799992E-3,11.4000006,
,,,2.3199993E-3,7.20000029,
,,,2.3599991E-3,9.000000000,
,,,2.3999992E-3,5.20000029,
,,,2.4399993E-3,6.80000019,
,,,2.4799993E-3,3.79999995,
,,,2.5199992E-3,5.20000029,
,,,2.5599992E-3,2.6000001,
,,,2.5999993E-3,3.60000014,
,,,2.6399991E-3,1.6000000,
,,,2.6799992E-3,2.6000001,
,,,2.71999929E-3,1.000000,
,,,2.75999913E-3,1.6000000,
,,,2.79999920E-3,800.000011921E-3,
,,,2.83999927E-3,1.2000000,
,,,2.87999911E-3,1.000000,
,,,2.91999918E-3,1.6000000,
,,,2.95999926E-3,1.4000000,
,,,2.99999909E-3,2.2000000,
,,,3.03999917E-3,2.4000001,
,,,3.07999924E-3,3.40000010,
,,,3.11999908E-3,3.20000005,
,,,3.15999915E-3,4.80000019,
,,,3.19999922E-3,5.00000000,
,,,3.23999929E-3,6.59999990,
,,,3.27999913E-3,7.00000000,
,,,3.31999920E-3,8.800000191,
,,,3.35999927E-3,8.800000191,
,,,3.39999911E-3,11.1999998,
,,,3.43999919E-3,11.0000000,
,,,3.47999926E-3,13.0000000,
,,,3.51999910E-3,13.4000006,
,,,3.55999917E-3,15.0000000,
,,,3.59999924E-3,15.1999998,
,,,3.63999908E-3,16.2000008,
,,,3.67999915E-3,16.2000008,
,,,3.71999922E-3,16.3999996,
,,,3.75999929E-3,15.4000006,
,,,3.79999913E-3,16.2000008,
,,,3.83999920E-3,14.0000000,
,,,3.87999928E-3,15.1999998,
,,,3.91999912E-3,12.0000000,
,,,3.95999895E-3,13.8000002,
,,,3.99999926E-3,9.800000191,
,,,4.03999910E-3,11.8000002,
,,,4.07999940E-3,8.000000000,
,,,4.11999924E-3,9.800000191,
,,,4.15999908E-3,5.80000019,
,,,4.19999938E-3,7.599999905,
,,,4.23999922E-3,4.40000010,
,,,4.27999906E-3,5.80000019,
,,,4.31999937E-3,3.00000000,
,,,4.35999921E-3,4.20000029,
,,,4.39999904E-3,2.2000000,
,,,4.43999935E-3,3.00000000,
,,,4.47999919E-3,1.4000000,
,,,4.51999903E-3,2.2000000,
,,,4.55999933E-3,1.000000,
,,,4.59999917E-3,1.4000000,
,,,4.63999901E-3,1.2000000,
,,,4.67999931E-3,1.6000000,
,,,4.71999915E-3,1.6000000,
,,,4.75999899E-3,2.2000000,
,,,4.79999930E-3,2.2000000,
,,,4.83999914E-3,3.00000000,
,,,4.87999897E-3,2.79999995,
,,,4.91999928E-3,4.20000029,
,,,4.95999912E-3,4.20000029,
,,,4.99999896E-3,5.59999990,
,,,5.03999926E-3,5.80000019,
,,,5.07999910E-3,7.400000095,
,,,5.11999894E-3,7.599999905,
,,,5.15999924E-3,9.400000572,
,,,5.19999908E-3,9.600000381,
,,,5.23999892E-3,11.6000004,
,,,5.27999923E-3,11.8000002,
,,,5.31999907E-3,13.6000004,
,,,5.35999890E-3,13.4000006,
,,,5.39999921E-3,15.0000000,
,,,5.43999905E-3,15.0000000,
,,,5.47999935E-3,15.6000004,
,,,5.51999919E-3,15.4000006,
,,,5.55999903E-3,15.8000002,
,,,5.59999933E-3,14.1999998,
,,,5.63999917E-3,15.1999998,
,,,5.67999901E-3,12.6000004,
,,,5.71999932E-3,14.1999998,
,,,5.75999916E-3,10.4000006,
,,,5.79999899E-3,12.4000006,
,,,5.83999930E-3,8.600000381,
,,,5.87999914E-3,10.4000006,
,,,5.91999898E-3,6.40000010,
,,,5.95999928E-3,8.199999809,
,,,5.99999912E-3,5.00000000,
,,,6.03999896E-3,6.40000010,
,,,6.07999926E-3,3.40000010,
,,,6.11999910E-3,4.80000019,
,,,6.15999894E-3,2.4000001,
,,,6.19999925E-3,3.40000010,
,,,6.23999909E-3,1.4000000,
,,,6.27999892E-3,2.2000000,
,,,6.31999923E-3,800.000011921E-3,
,,,6.35999907E-3,1.6000000,
,,,6.39999891E-3,800.000011921E-3,
,,,6.43999921E-3,1.2000000,
,,,6.47999905E-3,1.000000,
,,,6.51999889E-3,1.4000000,
,,,6.55999919E-3,1.4000000,
,,,6.59999903E-3,2.2000000,
,,,6.63999934E-3,2.2000000,
,,,6.67999918E-3,3.20000005,
,,,6.71999902E-3,3.20000005,
,,,6.75999932E-3,4.40000010,
,,,6.79999916E-3,4.59999990,
,,,6.83999900E-3,6.20000029,
,,,6.87999930E-3,6.20000029,
,,,6.91999914E-3,8.199999809,
,,,6.95999898E-3,8.000000000,
,,,6.99999928E-3,10.1999998,
,,,7.03999912E-3,10.1999998,
,,,7.07999896E-3,12.1999998,
,,,7.11999927E-3,12.1999998,
,,,7.15999911E-3,13.8000002,
,,,7.19999894E-3,13.8000002,
,,,7.23999925E-3,15.0000000,
,,,7.27999909E-3,14.8000002,
,,,7.31999893E-3,15.1999998,
,,,7.35999923E-3,14.4000006,
,,,7.399999071E-3,15.1999998,
,,,7.439998910E-3,13.0000000,
,,,7.479999214E-3,14.1999998,
,,,7.519999053E-3,11.1999998,
,,,7.559998892E-3,13.0000000,
,,,7.599999197E-3,9.000000000,
,,,7.639999036E-3,11.0000000,
,,,7.679998875E-3,7.20000029,
,,,7.719999179E-3,9.000000000,
,,,7.759999018E-3,5.40000010,
,,,7.799998857E-3,7.00000000,
,,,7.839999162E-3,4.20000029,
,,,7.879999466E-3,5.40000010,
,,,7.919998839E-3,3.00000000,
,,,7.959999144E-3,4.00000000,
,,,7.999999449E-3,2.0000000,
,,,8.039998822E-3,2.79999995,
,,,8.079999126E-3,1.4000000,
,,,8.119999431E-3,2.2000000,
,,,8.159998804E-3,1.000000,
,,,8.199999109E-3,1.4000000,
,,,8.239999413E-3,1.2000000,
,,,8.279998787E-3,1.6000000,
,,,8.319999091E-3,1.6000000,
,,,8.359999396E-3,2.2000000,
,,,8.399998769E-3,2.0000000,
,,,8.439999074E-3,2.79999995,
,,,8.479999378E-3,2.79999995,
,,,8.519998752E-3,4.00000000,
,,,8.559999056E-3,4.00000000,
,,,8.599999361E-3,5.20000029,
,,,8.639998734E-3,5.20000029,
,,,8.679999039E-3,7.00000000,
,,,8.719999343E-3,7.00000000,
,,,8.759998716E-3,8.800000191,
,,,8.799999021E-3,9.000000000,
,,,8.839999326E-3,10.8000002,
,,,8.879998699E-3,10.8000002,
,,,8.919999003E-3,12.4000006,
,,,8.959999308E-3,12.6000004,
,,,8.999998681E-3,14.0000000,
,,,9.039998986E-3,13.8000002,
,,,9.079999290E-3,14.4000006,
,,,9.119998664E-3,14.1999998,
,,,9.159998968E-3,14.6000004,
,,,9.199999273E-3,13.0000000,
,,,9.239998646E-3,14.1999998,
,,,9.279998951E-3,11.6000004,
,,,9.319999255E-3,13.0000000,
,,,9.359998628E-3,9.600000381,
,,,9.399998933E-3,11.6000004,
,,,9.439999238E-3,7.800000191,
,,,9.479998611E-3,9.600000381,
,,,9.519998915E-3,6.00000000,
,,,9.559999220E-3,7.800000191,
,,,9.599998593E-3,4.59999990,
,,,9.639998898E-3,6.00000000,
,,,9.679999202E-3,3.20000005,
,,,9.719998576E-3,4.40000010,
,,,9.759998880E-3,1.8000001,
,,,9.799999185E-3,3.20000005,
,,,9.839998558E-3,1.4000000,
,,,9.879998863E-3,2.0000000,
,,,9.919999167E-3,800.000011921E-3,
,,,9.959999472E-3,1.4000000,
,,,9.999998845E-3,800.000011921E-3,
,,,10.0399991E-3,1.000000,
,,,10.0799995E-3,800.000011921E-3,
,,,10.1199988E-3,1.2000000,
,,,10.1599991E-3,1.000000,
,,,10.1999994E-3,1.8000001,
,,,10.2399988E-3,2.0000000,
,,,10.2799991E-3,3.00000000,
,,,10.3199994E-3,3.00000000,
,,,10.3599988E-3,4.20000029,
,,,10.3999991E-3,4.20000029,
,,,10.4399994E-3,5.80000019,
,,,10.4799988E-3,5.80000019,
,,,10.5199991E-3,7.599999905,
,,,10.5599994E-3,7.599999905,
,,,10.5999988E-3,9.199999809,
,,,10.6399991E-3,9.199999809,
,,,10.6799994E-3,11.1999998,
,,,10.7199987E-3,11.4000006,
,,,10.7599990E-3,12.6000004,
,,,10.7999993E-3,12.8000002,
,,,10.8399987E-3,13.8000002,
,,,10.8799990E-3,13.8000002,
,,,10.9199993E-3,14.0000000,
,,,10.9599987E-3,13.1999998,
,,,10.9999990E-3,13.8000002,
,,,11.0399993E-3,12.0000000,
,,,11.0799987E-3,13.1999998,
,,,11.1199990E-3,10.4000006,
,,,11.1599993E-3,12.0000000,
,,,11.1999987E-3,8.600000381,
,,,11.2399990E-3,10.1999998,
,,,11.2799993E-3,6.80000019,
,,,11.3199987E-3,8.400000572,
,,,11.3599990E-3,5.00000000,
,,,11.3999993E-3,6.59999990,
,,,11.4399986E-3,4.00000000,
,,,11.4799989E-3,5.00000000,
,,,11.5199992E-3,2.79999995,
,,,11.5599986E-3,3.79999995,
,,,11.5999989E-3,2.0000000,
,,,11.6399992E-3,2.79999995,
,,,11.6799986E-3,1.4000000,
,,,11.7199989E-3,2.0000000,
,,,11.7599992E-3,1.2000000,
,,,11.7999986E-3,1.4000000,
,,,11.8399989E-3,1.4000000,
,,,11.8799992E-3,1.6000000,
,,,11.9199986E-3,1.6000000,
,,,11.9599989E-3,2.0000000,
,,,11.9999992E-3,2.0000000,
,,,12.0399985E-3,2.6000001,
,,,12.0799989E-3,2.6000001,
,,,12.1199992E-3,3.60000014,
,,,12.1599985E-3,3.79999995,
,,,12.1999988E-3,5.00000000,
,,,12.2399991E-3,5.00000000,
,,,12.2799985E-3,6.40000010,
,,,12.3199988E-3,6.40000010,
,,,12.3599991E-3,8.199999809,
,,,12.3999994E-3,8.400000572,
,,,12.4399988E-3,10.1999998,
,,,12.4799991E-3,10.0000000,
,,,12.5199994E-3,11.6000004,
,,,12.5599988E-3,11.8000002,
,,,12.5999991E-3,12.8000002,
,,,12.6399994E-3,13.0000000,
,,,12.6799988E-3,13.6000004,
,,,12.7199991E-3,13.1999998,
,,,12.7599994E-3,13.4000006,
,,,12.7999987E-3,12.1999998,
,,,12.8399990E-3,13.1999998,
,,,12.8799994E-3,10.8000002,
,,,12.9199987E-3,12.1999998,
,,,12.9599990E-3,9.000000000,
,,,12.9999993E-3,10.8000002,
,,,13.0399987E-3,7.20000029,
,,,13.0799990E-3,9.000000000,
,,,13.1199993E-3,5.59999990,
,,,13.1599987E-3,7.20000029,
,,,13.1999990E-3,4.20000029,
,,,13.2399993E-3,5.40000010,
,,,13.2799987E-3,2.79999995,
,,,13.3199990E-3,4.20000029,
,,,13.3599993E-3,1.8000001,
,,,13.3999987E-3,2.79999995,
,,,13.4399990E-3,1.2000000,
,,,13.4799993E-3,2.0000000,
,,,13.5199986E-3,800.000011921E-3,
,,,13.5599989E-3,1.2000000,
,,,13.5999992E-3,600.000023842E-3,
,,,13.6399986E-3,1.000000,
,,,13.6799989E-3,800.000011921E-3,
,,,13.7199992E-3,1.2000000,
,,,13.7599986E-3,1.000000,
,,,13.7999989E-3,1.6000000,
,,,13.8399992E-3,1.8000001,
,,,13.8799986E-3,2.6000001,
,,,13.9199989E-3,2.6000001,
,,,13.9599992E-3,3.79999995,
,,,13.9999986E-3,4.00000000,
,,,14.0399989E-3,5.20000029,
,,,14.0799992E-3,5.40000010,
,,,14.1199986E-3,7.00000000,
,,,14.1599989E-3,7.20000029,
,,,14.1999992E-3,8.600000381,
,,,14.2399985E-3,8.800000191,
,,,14.2799988E-3,10.4000006,
,,,14.3199991E-3,10.6000004,
,,,14.3599985E-3,12.0000000,
,,,14.3999988E-3,11.8000002,
,,,14.4399991E-3,12.8000002,
,,,14.4799985E-3,12.8000002,
,,,14.5199988E-3,13.1999998,
,,,14.5599991E-3,12.4000006,
,,,14.5999985E-3,13.0000000,
,,,14.6399988E-3,11.1999998,
,,,14.6799991E-3,12.4000006,
,,,14.7199985E-3,9.400000572,
,,,14.7599988E-3,11.1999998,
,,,14.7999991E-3,7.800000191,
,,,14.8399984E-3,9.600000381,
,,,14.8799988E-3,6.20000029,
,,,14.9199991E-3,8.000000000,
,,,14.9599984E-3,4.80000019,
,,,14.9999987E-3,6.20000029,
,,,15.0399990E-3,3.60000014,
,,,15.0799993E-3,4.59999990,
,,,15.1199987E-3,2.6000001,
,,,15.1599990E-3,3.60000014,
,,,15.1999993E-3,1.8000001,
,,,15.2399987E-3,2.79999995,
,,,15.2799990E-3,1.2000000,
,,,15.3199993E-3,2.0000000,
,,,15.3599987E-3,1.2000000,
,,,15.3999990E-3,1.4000000,
,,,15.4399993E-3,1.2000000,
,,,15.4799987E-3,1.6000000,
,,,15.5199990E-3,1.6000000,
,,,15.5599993E-3,2.0000000,
,,,15.5999986E-3,1.6000000,
,,,15.6399980E-3,2.6000001,
,,,15.6799983E-3,2.6000001,
,,,15.7199986E-3,3.60000014,
,,,15.7599989E-3,3.40000010,
,,,15.7999992E-3,4.59999990,
,,,15.8399995E-3,4.59999990,
,,,15.8799980E-3,5.80000019,
,,,15.9199983E-3,6.20000029,
,,,15.9599986E-3,7.599999905,
,,,15.9999989E-3,7.800000191,
,,,16.0399992E-3,9.400000572,
,,,16.0799995E-3,9.400000572,
,,,16.1199979E-3,10.6000004,
,,,16.1599983E-3,10.8000002,
,,,16.1999986E-3,12.0000000,
,,,16.2399989E-3,12.0000000,
,,,16.2799992E-3,12.8000002,
,,,16.3199995E-3,12.4000006,
,,,16.3599998E-3,12.6000004,
,,,16.3999982E-3,11.1999998,
,,,16.4399985E-3,12.4000006,
,,,16.4799988E-3,10.0000000,
,,,16.5199991E-3,11.4000006,
,,,16.5599994E-3,8.400000572,
,,,16.5999997E-3,10.0000000,
,,,16.6399982E-3,6.59999990,
,,,16.6799985E-3,8.400000572,
,,,16.7199988E-3,5.20000029,
,,,16.7599991E-3,6.59999990,
,,,16.7999994E-3,4.00000000,
,,,16.8399997E-3,5.20000029,
,,,16.8799981E-3,2.6000001,
,,,16.9199985E-3,3.79999995,
,,,16.9599988E-3,1.8000001,
,,,16.9999991E-3,2.6000001,
,,,17.0399994E-3,1.2000000,
,,,17.0799997E-3,1.8000001,
,,,17.1199981E-3,600.000023842E-3,
,,,17.1599984E-3,1.2000000,
,,,17.1999987E-3,600.000023842E-3,
,,,17.2399990E-3,1.000000,
,,,17.2799993E-3,800.000011921E-3,
,,,17.3199996E-3,1.2000000,
,,,17.3599981E-3,1.2000000,
,,,17.3999984E-3,1.6000000,
,,,17.4399987E-3,1.6000000,
,,,17.4799990E-3,2.4000001,
,,,17.5199993E-3,2.4000001,
,,,17.5599996E-3,3.60000014,
,,,17.5999980E-3,3.60000014,
,,,17.6399983E-3,5.00000000,
,,,17.6799987E-3,5.00000000,
,,,17.7199990E-3,6.40000010,
,,,17.7599993E-3,6.59999990,
,,,17.7999996E-3,8.000000000,
,,,17.8399980E-3,8.400000572,
,,,17.8799983E-3,9.800000191,
,,,17.9199986E-3,9.600000381,
,,,17.9599989E-3,11.1999998,
,,,17.9999992E-3,11.1999998,
,,,18.0399995E-3,12.1999998,
,,,18.0799980E-3,12.0000000,
,,,18.1199983E-3,12.1999998,
,,,18.1599986E-3,11.6000004,
,,,18.1999989E-3,12.1999998,
,,,18.2399992E-3,10.6000004,
,,,18.2799995E-3,11.6000004,
,,,18.3199979E-3,8.800000191,
,,,18.3599982E-3,10.4000006,
,,,18.3999985E-3,7.400000095,
,,,18.4399989E-3,8.800000191,
,,,18.4799992E-3,6.00000000,
,,,18.5199995E-3,7.400000095,
,,,18.5599979E-3,4.59999990,
,,,18.5999982E-3,5.80000019,
,,,18.6399985E-3,3.60000014,
,,,18.6799988E-3,4.40000010,
,,,18.7199991E-3,2.6000001,
,,,18.7599994E-3,3.40000010,
,,,18.7999979E-3,1.8000001,
,,,18.8399982E-3,2.79999995,
,,,18.8799985E-3,1.6000000,
,,,18.9199988E-3,2.0000000,
,,,18.9599991E-3,1.2000000,
,,,18.9999994E-3,1.4000000,
,,,19.0399997E-3,1.2000000,
,,,19.0799981E-3,1.6000000,
,,,19.1199984E-3,1.6000000,
,,,19.1599987E-3,2.0000000,
,,,19.1999990E-3,2.0000000,
,,,19.2399994E-3,2.4000001,
,,,19.2799997E-3,2.4000001,
,,,19.3199981E-3,3.20000005,
,,,19.3599984E-3,3.40000010,
,,,19.3999987E-3,4.40000010,
,,,19.4399990E-3,4.40000010,
,,,19.4799993E-3,5.59999990,
,,,19.5199996E-3,5.59999990,
,,,19.5599981E-3,7.20000029,
,,,19.5999984E-3,7.400000095,
,,,19.6399987E-3,8.600000381,
,,,19.6799990E-3,8.800000191,
,,,19.7199993E-3,10.0000000,
,,,19.7599996E-3,10.0000000,
,,,19.7999980E-3,11.1999998,
,,,19.8399983E-3,11.1999998,
,,,19.8799986E-3,11.8000002,
,,,19.9199989E-3,11.4000006,
,,,19.9599992E-3,11.8000002,
,,,19.9999996E-3,10.4000006,
,,,20.0399980E-3,11.4000006,
,,,20.0799983E-3,9.199999809,
,,,20.11999860E-3,10.6000004,
,,,20.15999891E-3,8.000000000,
,,,20.19999921E-3,9.199999809,
,,,20.23999952E-3,6.40000010,
,,,20.27999796E-3,7.800000191,
,,,20.31999826E-3,4.80000019,
,,,20.35999857E-3,6.20000029,
,,,20.39999887E-3,3.60000014,
,,,20.43999918E-3,4.59999990,
,,,20.47999948E-3,2.4000001,
,,,20.51999792E-3,3.40000010,
,,,20.55999823E-3,1.6000000,
,,,20.59999853E-3,2.4000001,
,,,20.63999884E-3,1.000000,
,,,20.67999914E-3,1.6000000,
,,,20.71999945E-3,800.000011921E-3,
,,,20.75999789E-3,1.2000000,
,,,20.79999819E-3,600.000023842E-3,
,,,20.83999850E-3,800.000011921E-3,
,,,20.87999880E-3,800.000011921E-3,
,,,20.91999911E-3,1.2000000,
,,,20.95999941E-3,1.000000,
,,,20.99999785E-3,1.4000000,
,,,21.03999816E-3,1.4000000,
,,,21.07999846E-3,2.4000001,
,,,21.11999877E-3,2.2000000,
,,,21.15999907E-3,3.40000010,
,,,21.19999938E-3,3.20000005,
,,,21.23999782E-3,4.59999990,
,,,21.27999812E-3,4.80000019,
,,,21.31999843E-3,6.00000000,
,,,21.35999873E-3,6.00000000,
,,,21.39999904E-3,7.400000095,
,,,21.43999934E-3,7.599999905,
,,,21.47999965E-3,9.000000000,
,,,21.51999809E-3,9.000000000,
,,,21.55999839E-3,10.4000006,
,,,21.59999870E-3,10.6000004,
,,,21.63999900E-3,11.1999998,
,,,21.67999931E-3,11.1999998,
,,,21.71999961E-3,11.6000004,
,,,21.75999805E-3,10.8000002,
,,,21.79999836E-3,11.4000006,
,,,21.83999866E-3,9.600000381,
,,,21.87999897E-3,10.8000002,
,,,21.91999927E-3,8.400000572,
,,,21.95999958E-3,9.600000381,
,,,21.99999802E-3,7.00000000,
,,,22.03999832E-3,8.199999809,
,,,22.07999863E-3,5.40000010,
,,,22.11999893E-3,6.80000019,
,,,22.15999924E-3,4.20000029,
,,,22.19999954E-3,5.40000010,
,,,22.23999798E-3,3.20000005,
,,,22.27999829E-3,4.20000029,
,,,22.31999859E-3,2.4000001,
,,,22.35999890E-3,3.20000005,
,,,22.39999920E-3,1.8000001,
,,,22.43999951E-3,2.4000001,
,,,22.47999795E-3,1.2000000,
,,,22.51999825E-3,2.0000000,
,,,22.55999856E-3,1.000000,
,,,22.59999886E-3,1.4000000,
,,,22.63999917E-3,1.2000000,
,,,22.67999947E-3,1.6000000,
,,,22.71999791E-3,1.6000000,
,,,22.75999822E-3,1.8000001,
,,,22.79999852E-3,1.8000001,
,,,22.83999883E-3,2.2000000,
,,,22.87999913E-3,2.4000001,
,,,22.91999944E-3,3.20000005,
,,,22.95999788E-3,3.00000000,
,,,22.99999818E-3,4.00000000,
,,,23.03999849E-3,4.20000029,
,,,23.07999879E-3,5.40000010,
,,,23.11999910E-3,5.40000010,
,,,23.15999940E-3,6.59999990,
,,,23.19999784E-3,6.80000019,
,,,23.23999815E-3,8.000000000,
,,,23.27999845E-3,8.199999809,
,,,23.31999876E-3,9.400000572,
,,,23.35999906E-3,9.600000381,
,,,23.39999937E-3,10.4000006,
,,,23.43999781E-3,10.4000006,
,,,23.47999811E-3,11.1999998,
,,,23.51999842E-3,10.6000004,
,,,23.55999872E-3,11.1999998,
,,,23.59999903E-3,9.800000191,
,,,23.63999933E-3,10.8000002,
,,,23.67999777E-3,8.600000381,
,,,23.71999808E-3,9.800000191,
,,,23.75999838E-3,7.20000029,
,,,23.79999869E-3,8.600000381,
,,,23.83999899E-3,5.80000019,
,,,23.87999929E-3,7.20000029,
,,,23.91999960E-3,4.40000010,
,,,23.95999804E-3,6.00000000,
,,,23.99999835E-3,3.20000005,
,,,24.03999865E-3,4.40000010,
,,,24.07999896E-3,2.2000000,
,,,24.11999926E-3,3.40000010,
,,,24.15999956E-3,1.6000000,
,,,24.19999801E-3,2.2000000,
,,,24.23999831E-3,1.000000,
,,,24.27999862E-3,1.6000000,
,,,24.31999892E-3,600.000023842E-3,
,,,24.35999922E-3,1.2000000,
,,,24.39999953E-3,600.000023842E-3,
,,,24.43999797E-3,800.000011921E-3,
,,,24.47999828E-3,600.000023842E-3,
,,,24.51999858E-3,1.000000,
,,,24.55999888E-3,1.000000,
,,,24.59999919E-3,1.4000000,
,,,24.63999949E-3,1.2000000,
,,,24.67999794E-3,2.2000000,
,,,24.71999824E-3,2.2000000,
,,,24.75999855E-3,3.20000005,
,,,24.79999885E-3,3.20000005,
,,,24.83999915E-3,4.20000029,
,,,24.87999946E-3,4.40000010,
,,,24.91999790E-3,5.80000019,
,,,24.95999821E-3,5.80000019,
,,,24.99999851E-3,7.00000000,
,,,25.03999881E-3,7.00000000,
,,,25.07999912E-3,8.400000572,
,,,25.11999942E-3,8.600000381,
,,,25.15999787E-3,9.600000381,
,,,25.19999817E-3,9.800000191,
,,,25.23999847E-3,10.4000006,
,,,25.27999878E-3,10.4000006,
,,,25.31999908E-3,10.8000002,
,,,25.35999939E-3,10.1999998,
,,,25.39999783E-3,10.6000004,
,,,25.43999813E-3,9.000000000,
,,,25.47999844E-3,10.0000000,
,,,25.51999874E-3,7.800000191,
,,,25.55999905E-3,9.000000000,
,,,25.59999935E-3,6.59999990,
,,,25.63999780E-3,7.800000191,
,,,25.67999810E-3,5.00000000,
,,,25.71999840E-3,6.40000010,
,,,25.75999871E-3,4.00000000,
,,,25.79999901E-3,5.20000029,
,,,25.83999932E-3,3.00000000,
,,,25.87999776E-3,3.79999995,
,,,25.91999806E-3,2.2000000,
,,,25.95999837E-3,3.20000005,
,,,25.99999867E-3,1.8000001,
,,,26.03999898E-3,2.4000001,
,,,26.07999928E-3,1.2000000,
,,,26.11999772E-3,1.8000001,
,,,26.15999803E-3,1.2000000,
,,,26.19999833E-3,1.4000000,
,,,26.23999864E-3,1.4000000,
,,,26.27999894E-3,1.6000000,
,,,26.31999925E-3,1.4000000,
,,,26.35999769E-3,1.8000001,
,,,26.39999799E-3,1.6000000,
,,,26.43999830E-3,2.2000000,
,,,26.47999860E-3,2.2000000,
,,,26.51999891E-3,2.79999995,
,,,26.55999921E-3,2.79999995,
,,,26.59999952E-3,3.79999995,
,,,26.63999796E-3,3.79999995,
,,,26.67999826E-3,5.00000000,
,,,26.71999857E-3,5.00000000,
,,,26.75999887E-3,6.40000010,
,,,26.79999918E-3,6.59999990,
,,,26.83999948E-3,7.800000191,
,,,26.87999792E-3,7.800000191,
,,,26.91999823E-3,8.800000191,
,,,26.95999853E-3,8.800000191,
,,,26.99999884E-3,9.800000191,
,,,27.03999914E-3,9.800000191,
,,,27.07999945E-3,10.6000004,
,,,27.11999789E-3,10.0000000,
,,,27.15999819E-3,10.4000006,
,,,27.19999850E-3,9.000000000,
,,,27.23999880E-3,10.0000000,
,,,27.27999911E-3,8.199999809,
,,,27.31999941E-3,9.199999809,
,,,27.35999785E-3,7.00000000,
,,,27.39999816E-3,8.000000000,
,,,27.43999846E-3,5.59999990,
,,,27.47999877E-3,6.80000019,
,,,27.51999907E-3,4.20000029,
,,,27.55999938E-3,5.40000010,
,,,27.59999782E-3,3.00000000,
,,,27.63999812E-3,4.00000000,
,,,27.67999843E-3,2.0000000,
,,,27.71999873E-3,3.00000000,
,,,27.75999904E-3,1.4000000,
,,,27.79999934E-3,2.0000000,
,,,27.83999778E-3,1.000000,
,,,27.87999809E-3,1.6000000,
,,,27.91999839E-3,800.000011921E-3,
,,,27.95999870E-3,1.2000000,
,,,27.99999900E-3,600.000023842E-3,
,,,28.03999931E-3,800.000011921E-3,
,,,28.07999775E-3,600.000023842E-3,
,,,28.11999805E-3,1.000000,
,,,28.15999836E-3,1.000000,
,,,28.19999866E-3,1.4000000,
,,,28.23999897E-3,1.4000000,
,,,28.27999927E-3,2.2000000,
,,,28.31999771E-3,2.0000000,
,,,28.35999802E-3,2.79999995,
,,,28.39999832E-3,3.00000000,
,,,28.43999863E-3,4.00000000,
,,,28.47999893E-3,4.20000029,
,,,28.51999924E-3,5.40000010,
,,,28.55999768E-3,5.40000010,
,,,28.59999798E-3,6.59999990,
,,,28.63999829E-3,6.80000019,
,,,28.67999859E-3,8.000000000,
,,,28.71999890E-3,8.199999809,
,,,28.75999920E-3,9.199999809,
,,,28.79999764E-3,9.000000000,
,,,28.83999795E-3,9.800000191,
,,,28.87999825E-3,9.800000191,
,,,28.91999856E-3,10.1999998,
,,,28.95999886E-3,9.400000572,
,,,28.99999917E-3,10.1999998,
,,,29.03999761E-3,8.600000381,
,,,29.07999791E-3,9.600000381,
,,,29.11999822E-3,7.400000095,
,,,29.15999852E-3,8.400000572,
,,,29.19999883E-3,6.00000000,
,,,29.23999913E-3,7.400000095,
,,,29.27999943E-3,5.00000000,
,,,29.31999788E-3,6.00000000,
,,,29.35999818E-3,3.79999995,
,,,29.39999849E-3,4.80000019,
,,,29.43999879E-3,2.79999995,
,,,29.47999910E-3,3.60000014,
,,,29.51999940E-3,2.2000000,
,,,29.55999784E-3,2.79999995,
,,,29.59999815E-3,1.6000000,
,,,29.63999845E-3,2.2000000,
,,,29.67999876E-3,1.4000000,
,,,29.71999906E-3,1.8000001,
,,,29.75999936E-3,1.000000,
,,,29.79999781E-3,1.4000000,
,,,29.83999811E-3,1.000000,
,,,29.87999842E-3,1.4000000,
,,,29.91999872E-3,1.4000000,
,,,29.95999902E-3,1.6000000,
,,,29.99999933E-3,1.6000000,
,,,30.03999777E-3,2.2000000,
,,,30.07999808E-3,2.0000000,
,,,30.11999838E-3,2.6000001,
,,,30.15999869E-3,2.79999995,
,,,30.19999899E-3,3.60000014,
,,,30.23999929E-3,3.40000010,
,,,30.27999774E-3,4.59999990,
,,,30.31999804E-3,4.40000010,
,,,30.35999835E-3,5.80000019,
,,,30.39999865E-3,6.00000000,
,,,30.43999895E-3,7.20000029,
,,,30.47999926E-3,7.20000029,
,,,30.51999770E-3,8.400000572,
,,,30.55999801E-3,8.400000572,
,,,30.59999831E-3,9.199999809,
,,,30.63999861E-3,9.199999809,
,,,30.67999892E-3,9.800000191,
,,,30.71999922E-3,9.400000572,
,,,30.75999767E-3,9.800000191,
,,,30.79999797E-3,8.600000381,
,,,30.83999828E-3,9.400000572,
,,,30.87999858E-3,7.599999905,
,,,30.91999888E-3,8.600000381,
,,,30.95999919E-3,6.40000010,
,,,30.99999763E-3,7.599999905,
,,,31.03999794E-3,5.20000029,
,,,31.07999824E-3,6.40000010,
,,,31.11999854E-3,4.00000000,
,,,31.15999885E-3,5.00000000,
,,,31.19999915E-3,2.79999995,
,,,31.23999760E-3,4.00000000,
,,,31.27999976E-3,2.0000000,
,,,31.31999820E-3,2.79999995,
,,,31.35999665E-3,1.4000000,
,,,31.39999881E-3,2.0000000,
,,,31.43999726E-3,800.000011921E-3,
,,,31.47999942E-3,1.4000000,
,,,31.51999786E-3,800.000011921E-3,
,,,31.56000003E-3,1.2000000,
,,,31.59999847E-3,600.000023842E-3,
,,,31.63999692E-3,1.000000,
,,,31.67999908E-3,800.000011921E-3,
,,,31.71999753E-3,1.000000,
,,,31.75999969E-3,800.000011921E-3,
,,,31.79999813E-3,1.4000000,
,,,31.84000030E-3,1.4000000,
,,,31.87999874E-3,2.0000000,
,,,31.91999719E-3,2.0000000,
,,,31.95999935E-3,2.79999995,
,,,31.99999779E-3,2.79999995,
,,,32.03999996E-3,3.60000014,
,,,32.07999840E-3,4.00000000,
,,,32.11999685E-3,5.00000000,
,,,32.15999901E-3,5.00000000,
,,,32.19999745E-3,6.20000029,
,,,32.23999962E-3,6.20000029,
,,,32.27999806E-3,7.400000095,
,,,32.32000023E-3,7.400000095,
,,,32.35999867E-3,8.600000381,
,,,32.39999712E-3,8.400000572,
,,,32.43999928E-3,9.199999809,
,,,32.47999772E-3,9.199999809,
,,,32.51999989E-3,9.400000572,
,,,32.55999833E-3,8.800000191,
,,,32.59999678E-3,9.400000572,
,,,32.63999894E-3,8.000000000,
,,,32.67999738E-3,8.800000191,
,,,32.71999955E-3,6.80000019,
,,,32.75999799E-3,8.000000000,
,,,32.80000016E-3,5.80000019,
,,,32.83999860E-3,6.80000019,
,,,32.87999704E-3,4.59999990,
,,,32.91999921E-3,5.80000019,
,,,32.95999765E-3,3.60000014,
,,,32.99999982E-3,4.40000010,
,,,33.03999826E-3,2.6000001,
,,,33.07999671E-3,3.60000014,
,,,33.11999887E-3,2.0000000,
,,,33.15999731E-3,2.6000001,
,,,33.19999948E-3,1.6000000,
,,,33.23999792E-3,2.0000000,
,,,33.28000009E-3,1.2000000,
,,,33.31999853E-3,1.6000000,
,,,33.35999697E-3,1.000000,
,,,33.39999914E-3,1.2000000,
,,,33.43999758E-3,1.000000,
,,,33.47999975E-3,1.4000000,
,,,33.51999819E-3,1.2000000,
,,,33.55999663E-3,1.6000000,
,,,33.59999880E-3,1.6000000,
,,,33.63999724E-3,2.0000000,
,,,33.67999941E-3,1.8000001,
,,,33.71999785E-3,2.6000001,
,,,33.76000002E-3,2.6000001,
,,,33.79999846E-3,3.40000010,
,,,33.83999690E-3,3.40000010,
,,,33.87999907E-3,4.40000010,
,,,33.91999751E-3,4.40000010,
,,,33.95999968E-3,5.40000010,
,,,33.99999812E-3,5.59999990,
,,,34.03999656E-3,6.80000019,
,,,34.07999873E-3,6.59999990,
,,,34.11999717E-3,7.800000191,
,,,34.15999934E-3,7.800000191,
,,,34.19999778E-3,8.600000381,
,,,34.23999995E-3,8.800000191,
,,,34.27999839E-3,9.199999809,
,,,34.31999683E-3,8.800000191,
,,,34.35999900E-3,9.199999809,
,,,34.39999744E-3,8.199999809,
,,,34.43999961E-3,8.800000191,
,,,34.47999805E-3,7.20000029,
,,,34.52000022E-3,8.400000572,
,,,34.55999866E-3,6.20000029,
,,,34.59999710E-3,7.20000029,
,,,34.63999927E-3,4.80000019,
,,,34.67999771E-3,6.00000000,
,,,34.71999988E-3,3.79999995,
,,,34.75999832E-3,4.80000019,
,,,34.79999676E-3,2.79999995,
,,,34.83999893E-3,3.79999995,
,,,34.87999737E-3,1.8000001,
,,,34.91999954E-3,2.79999995,
,,,34.95999798E-3,1.2000000,
,,,35.00000015E-3,1.8000001,
,,,35.03999859E-3,1.000000,
,,,35.07999703E-3,1.4000000,
,,,35.11999920E-3,600.000023842E-3,
,,,35.15999764E-3,1.000000,
,,,35.19999981E-3,600.000023842E-3,
,,,35.23999825E-3,800.000011921E-3,
,,,35.27999669E-3,600.000023842E-3,
,,,35.31999886E-3,1.000000,
,,,35.35999730E-3,800.000011921E-3,
,,,35.39999947E-3,1.4000000,
,,,35.43999791E-3,1.4000000,
,,,35.48000008E-3,1.8000001,
,,,35.51999852E-3,1.8000001,
,,,35.55999696E-3,2.6000001,
,,,35.59999913E-3,2.6000001,
,,,35.63999757E-3,3.60000014,
,,,35.67999974E-3,3.79999995,
,,,35.71999818E-3,4.80000019,
,,,35.75999662E-3,4.80000019,
,,,35.79999879E-3,6.00000000,
,,,35.83999723E-3,6.00000000,
,,,35.87999940E-3,7.00000000,
,,,35.91999784E-3,7.20000029,
,,,35.96000001E-3,8.000000000,
,,,35.99999845E-3,8.000000000,
,,,36.03999689E-3,8.600000381,
,,,36.07999906E-3,8.600000381,
,,,36.11999750E-3,8.800000191,
,,,36.15999967E-3,8.400000572,
,,,36.19999811E-3,8.800000191,
,,,36.23999655E-3,7.599999905,
,,,36.27999872E-3,8.400000572,
,,,36.31999716E-3,6.40000010,
,,,36.35999933E-3,7.599999905,
,,,36.39999777E-3,5.40000010,
,,,36.43999994E-3,6.40000010,
,,,36.47999838E-3,4.40000010,
,,,36.51999682E-3,5.40000010,
,,,36.55999899E-3,3.40000010,
,,,36.59999743E-3,4.40000010,
,,,36.63999960E-3,2.6000001,
,,,36.67999804E-3,3.20000005,
,,,36.72000021E-3,1.8000001,
,,,36.75999865E-3,2.6000001,
,,,36.79999709E-3,1.4000000,
,,,36.83999926E-3,2.0000000,
,,,36.87999770E-3,1.2000000,
,,,36.91999987E-3,1.6000000,
,,,36.95999831E-3,1.000000,
,,,36.99999675E-3,1.4000000,
,,,37.03999892E-3,1.000000,
,,,37.07999736E-3,1.4000000,
,,,37.11999953E-3,1.2000000,
,,,37.15999797E-3,1.6000000,
,,,37.20000014E-3,1.2000000,
,,,37.23999858E-3,1.8000001,
,,,37.27999702E-3,1.8000001,
,,,37.31999919E-3,2.6000001,
,,,37.35999763E-3,2.4000001,
,,,37.39999980E-3,3.20000005,
,,,37.43999824E-3,3.20000005,
,,,37.47999668E-3,4.40000010,
,,,37.51999885E-3,4.20000029,
,,,37.55999729E-3,5.40000010,
,,,37.59999946E-3,5.40000010,
,,,37.63999790E-3,6.40000010,
,,,37.68000007E-3,6.59999990,
,,,37.71999851E-3,7.400000095,
,,,37.75999695E-3,7.599999905,
,,,37.79999912E-3,8.199999809,
,,,37.83999756E-3,8.400000572,
,,,37.87999973E-3,8.600000381,
,,,37.91999817E-3,8.400000572,
,,,37.95999661E-3,8.600000381,
,,,37.99999878E-3,7.800000191,
,,,38.03999722E-3,8.400000572,
,,,38.07999939E-3,7.00000000,
,,,38.11999783E-3,7.800000191,
,,,38.16000000E-3,5.80000019,
,,,38.19999844E-3,6.80000019,
,,,38.23999688E-3,4.59999990,
,,,38.27999905E-3,5.80000019,
,,,38.31999749E-3,3.60000014,
,,,38.35999966E-3,4.59999990,
,,,38.39999810E-3,2.6000001,
,,,38.43999654E-3,3.60000014,
,,,38.47999871E-3,1.6000000,
,,,38.51999715E-3,2.6000001,
,,,38.55999932E-3,1.2000000,
,,,38.59999776E-3,2.0000000,
,,,38.63999993E-3,1.000000,
,,,38.67999837E-3,1.4000000,
,,,38.71999681E-3,600.000023842E-3,
,,,38.75999898E-3,1.000000,
,,,38.79999742E-3,600.000023842E-3,
,,,38.83999959E-3,1.000000,
,,,38.87999803E-3,600.000023842E-3,
,,,38.91999647E-3,1.000000,
,,,38.95999864E-3,1.000000,
,,,38.99999708E-3,1.2000000,
,,,39.03999925E-3,1.2000000,
,,,39.07999769E-3,1.8000001,
,,,39.11999986E-3,1.6000000,
,,,39.15999830E-3,2.4000001,
,,,39.19999674E-3,2.6000001,
,,,39.23999891E-3,3.40000010,
,,,39.27999735E-3,3.60000014,
,,,39.31999952E-3,4.40000010,
,,,39.35999796E-3,4.59999990,
,,,39.40000013E-3,5.59999990,
,,,39.43999857E-3,5.59999990,
,,,39.47999701E-3,6.80000019,
,,,39.51999918E-3,6.80000019,
,,,39.55999762E-3,7.599999905,
,,,39.59999979E-3,7.800000191,
,,,39.63999823E-3,8.199999809,
,,,39.67999667E-3,8.199999809,
,,,39.71999884E-3,8.400000572,
,,,39.75999728E-3,8.000000000,
,,,39.79999945E-3,8.400000572,
,,,39.83999789E-3,7.20000029,
,,,39.88000005E-3,7.800000191,
,,,39.91999850E-3,6.20000029,
,,,39.95999694E-3,7.20000029,
,,,39.99999911E-3,5.00000000,
,,,40.03999755E-3,6.00000000,
,,,40.07999972E-3,4.00000000,
,,,40.11999816E-3,5.00000000,
,,,40.15999660E-3,3.20000005,
,,,40.19999877E-3,4.20000029,
,,,40.23999721E-3,2.4000001,
,,,40.27999938E-3,3.20000005,
,,,40.31999782E-3,1.8000001,
,,,40.35999998E-3,2.4000001,
,,,40.39999843E-3,1.4000000,
,,,40.43999687E-3,1.8000001,
,,,40.47999904E-3,1.2000000,
,,,40.51999748E-3,1.4000000,
,,,40.55999964E-3,1.000000,
,,,40.59999809E-3,1.2000000,
,,,40.63999653E-3,1.000000,
,,,40.67999870E-3,1.4000000,
,,,40.71999714E-3,1.2000000,
,,,40.75999931E-3,1.4000000,
,,,40.79999775E-3,1.2000000,
,,,40.83999991E-3,1.8000001,
,,,40.87999836E-3,1.6000000,
,,,40.91999680E-3,2.4000001,
,,,40.95999897E-3,2.2000000,
,,,40.99999741E-3,3.00000000,
,,,41.03999957E-3,2.79999995,
,,,41.07999802E-3,4.00000000,
,,,41.11999646E-3,4.00000000,
,,,41.15999863E-3,5.00000000,
,,,41.19999707E-3,5.00000000,
,,,41.23999923E-3,6.00000000,
,,,41.27999768E-3,5.80000019,
,,,41.31999984E-3,7.00000000,
,,,41.35999829E-3,7.00000000,
,,,41.39999673E-3,7.800000191,
,,,41.43999889E-3,7.800000191,
,,,41.47999734E-3,8.199999809,
,,,41.51999950E-3,7.800000191,
,,,41.55999795E-3,8.199999809,
,,,41.59999639E-3,7.20000029,
,,,41.63999856E-3,7.800000191,
,,,41.67999700E-3,6.40000010,
,,,41.71999916E-3,7.20000029,
,,,41.75999761E-3,5.40000010,
,,,41.79999977E-3,6.40000010,
,,,41.83999822E-3,4.40000010,
,,,41.87999666E-3,5.40000010,
,,,41.91999882E-3,3.40000010,
,,,41.95999727E-3,4.20000029,
,,,41.99999943E-3,2.4000001,
,,,42.03999788E-3,3.40000010,
,,,42.08000004E-3,1.6000000,
,,,42.11999848E-3,2.4000001,
,,,42.15999693E-3,1.2000000,
,,,42.19999909E-3,1.8000001,
,,,42.23999754E-3,800.000011921E-3,
,,,42.27999970E-3,1.4000000,
,,,42.31999815E-3,600.000023842E-3,
,,,42.35999659E-3,1.000000,
,,,42.39999875E-3,600.000023842E-3,
,,,42.43999720E-3,800.000011921E-3,
,,,42.47999936E-3,600.000023842E-3,
,,,42.51999781E-3,1.000000,
,,,42.55999997E-3,800.000011921E-3,
,,,42.59999841E-3,1.2000000,
,,,42.63999686E-3,1.2000000,
,,,42.67999902E-3,1.6000000,
,,,42.71999747E-3,1.6000000,
,,,42.75999963E-3,2.2000000,
,,,42.79999807E-3,2.4000001,
,,,42.83999652E-3,3.20000005,
,,,42.87999868E-3,3.40000010,
,,,42.91999713E-3,4.20000029,
,,,42.95999929E-3,4.20000029,
,,,42.99999774E-3,5.20000029,
,,,43.03999990E-3,5.40000010,
,,,43.07999834E-3,6.20000029,
,,,43.11999679E-3,6.40000010,
,,,43.15999895E-3,7.20000029,
,,,43.19999740E-3,7.20000029,
,,,43.23999956E-3,7.800000191,
,,,43.27999800E-3,7.800000191,
,,,43.31999645E-3,8.000000000,
,,,43.35999861E-3,7.599999905,
,,,43.39999706E-3,8.000000000,
,,,43.43999922E-3,6.80000019,
,,,43.47999766E-3,7.400000095,
,,,43.51999983E-3,6.00000000,
,,,43.55999827E-3,6.80000019,
,,,43.59999672E-3,4.80000019,
,,,43.63999888E-3,5.80000019,
,,,43.67999732E-3,3.79999995,
,,,43.71999949E-3,4.59999990,
,,,43.75999793E-3,3.00000000,
,,,43.79999638E-3,3.79999995,
,,,43.83999854E-3,2.2000000,
,,,43.87999699E-3,3.00000000,
,,,43.91999915E-3,1.6000000,
,,,43.95999759E-3,2.2000000,
,,,43.99999976E-3,1.4000000,
,,,44.03999820E-3,1.6000000,
,,,44.07999665E-3,1.000000,
,,,44.11999881E-3,1.4000000,
,,,44.15999725E-3,800.000011921E-3,
,,,44.19999942E-3,1.2000000,
,,,44.23999786E-3,1.000000,
,,,44.27999631E-3,1.2000000,
,,,44.31999847E-3,1.000000,
,,,44.35999691E-3,1.4000000,
,,,44.39999908E-3,1.2000000,
,,,44.43999752E-3,1.6000000,
,,,44.47999969E-3,1.4000000,
,,,44.51999813E-3,2.2000000,
,,,44.55999658E-3,2.0000000,
,,,44.59999874E-3,2.79999995,
,,,44.63999718E-3,2.79999995,
,,,44.67999935E-3,3.60000014,
,,,44.71999779E-3,3.79999995,
,,,44.75999996E-3,4.59999990,
,,,44.79999840E-3,4.80000019,
,,,44.83999684E-3,5.59999990,
,,,44.87999901E-3,5.59999990,
,,,44.91999745E-3,6.59999990,
,,,44.95999962E-3,6.59999990,
,,,44.99999806E-3,7.20000029,
,,,45.03999650E-3,7.400000095,
,,,45.07999867E-3,7.800000191,
,,,45.11999711E-3,7.400000095,
,,,45.15999928E-3,7.800000191,
,,,45.19999772E-3,6.80000019,
,,,45.23999989E-3,7.599999905,
,,,45.27999833E-3,6.20000029,
,,,45.31999677E-3,7.00000000,
,,,45.35999894E-3,5.20000029,
,,,45.39999738E-3,6.00000000,
,,,45.43999955E-3,4.20000029,
,,,45.47999799E-3,5.00000000,
,,,45.51999643E-3,3.20000005,
,,,45.55999860E-3,4.00000000,
,,,45.59999704E-3,2.4000001,
,,,45.63999921E-3,3.20000005,
,,,45.67999765E-3,1.6000000,
,,,45.71999982E-3,2.4000001,
,,,45.75999826E-3,1.2000000,
,,,45.79999670E-3,1.8000001,
,,,45.83999887E-3,800.000011921E-3,
,,,45.87999731E-3,1.2000000,
,,,45.91999948E-3,600.000023842E-3,
,,,45.95999792E-3,1.000000,
,,,45.99999636E-3,600.000023842E-3,
,,,46.03999853E-3,1.000000,
,,,46.07999697E-3,600.000023842E-3,
,,,46.11999914E-3,1.000000,
,,,46.15999758E-3,800.000011921E-3,
,,,46.19999975E-3,1.2000000,
,,,46.23999819E-3,1.2000000,
,,,46.27999663E-3,1.6000000,
,,,46.31999880E-3,1.6000000,
,,,46.35999724E-3,2.2000000,
,,,46.39999941E-3,2.2000000,
,,,46.43999785E-3,3.00000000,
,,,46.47999629E-3,3.20000005,
,,,46.51999846E-3,4.20000029,
,,,46.55999690E-3,4.00000000,
,,,46.59999907E-3,5.00000000,
,,,46.63999751E-3,5.00000000,
,,,46.67999968E-3,6.00000000,
,,,46.71999812E-3,6.00000000,
,,,46.75999656E-3,6.59999990,
,,,46.79999873E-3,6.80000019,
,,,46.83999717E-3,7.20000029,
,,,46.87999934E-3,7.20000029,
,,,46.91999778E-3,7.400000095,
,,,46.95999622E-3,7.00000000,
,,,46.99999839E-3,7.400000095,
,,,47.03999683E-3,6.40000010,
,,,47.07999900E-3,7.00000000,
,,,47.11999744E-3,5.59999990,
,,,47.15999961E-3,6.20000029,
,,,47.19999805E-3,4.59999990,
,,,47.23999649E-3,5.40000010,
,,,47.27999866E-3,3.60000014,
,,,47.31999710E-3,4.40000010,
,,,47.35999927E-3,2.6000001,
,,,47.39999771E-3,3.60000014,
,,,47.43999988E-3,2.0000000,
,,,47.47999832E-3,2.79999995,
,,,47.51999676E-3,1.6000000,
,,,47.55999893E-3,2.0000000,
,,,47.59999737E-3,1.2000000,
,,,47.63999954E-3,1.6000000,
,,,47.67999798E-3,800.000011921E-3,
,,,47.71999642E-3,1.4000000,
,,,47.75999859E-3,800.000011921E-3,
,,,47.79999703E-3,1.000000,
,,,47.83999920E-3,800.000011921E-3,
,,,47.87999764E-3,1.2000000,
,,,47.91999981E-3,1.000000,
,,,47.95999825E-3,1.2000000,
,,,47.99999669E-3,1.2000000,
,,,48.03999886E-3,1.6000000,
,,,48.07999730E-3,1.4000000,
,,,48.11999947E-3,2.0000000,
,,,48.15999791E-3,2.0000000,
,,,48.19999635E-3,2.79999995,
,,,48.23999852E-3,2.4000001,
,,,48.27999696E-3,3.40000010,
,,,48.31999913E-3,3.60000014,
,,,48.35999757E-3,4.40000010,
,,,48.39999974E-3,4.40000010,
,,,48.43999818E-3,5.59999990,
,,,48.47999662E-3,5.20000029,
,,,48.51999879E-3,6.20000029,
,,,48.55999723E-3,6.40000010,
,,,48.59999940E-3,6.80000019,
,,,48.63999784E-3,7.00000000,
,,,48.67999628E-3,7.20000029,
,,,48.71999845E-3,7.20000029,
,,,48.75999689E-3,7.400000095,
,,,48.79999906E-3,6.40000010,
,,,48.83999750E-3,7.20000029,
,,,48.87999967E-3,5.80000019,
,,,48.91999811E-3,6.59999990,
,,,48.95999655E-3,4.80000019,
,,,48.99999872E-3,5.80000019,
,,,49.03999716E-3,3.79999995,
,,,49.07999933E-3,5.00000000,
,,,49.11999777E-3,3.00000000,
,,,49.15999621E-3,4.00000000,
,,,49.19999838E-3,2.0000000,
,,,49.23999682E-3,3.00000000,
,,,49.27999899E-3,1.6000000,
,,,49.31999743E-3,2.2000000,
,,,49.35999960E-3,1.000000,
,,,49.39999804E-3,1.6000000,
,,,49.43999648E-3,1.000000,
,,,49.47999865E-3,1.2000000,
,,,49.51999709E-3,600.000023842E-3,
,,,49.55999926E-3,1.000000,
,,,49.59999770E-3,600.000023842E-3,
,,,49.63999987E-3,800.000011921E-3,
,,,49.67999831E-3,800.000011921E-3,
,,,49.71999675E-3,1.000000,
,,,49.75999892E-3,1.000000,
,,,49.79999736E-3,1.2000000,
,,,49.83999953E-3,1.000000,
,,,49.87999797E-3,1.6000000,
,,,49.91999641E-3,1.6000000,
,,,49.95999858E-3,2.2000000,
,,,49.99999702E-3,2.2000000,
,,,50.03999919E-3,3.00000000,
,,,50.07999763E-3,3.00000000,
,,,50.11999980E-3,4.00000000,
,,,50.15999824E-3,3.79999995,
,,,50.19999668E-3,4.80000019,
,,,50.23999885E-3,4.59999990,
,,,50.27999729E-3,5.80000019,
,,,50.31999946E-3,5.80000019,
,,,50.35999790E-3,6.40000010,
,,,50.39999634E-3,6.59999990,
,,,50.43999851E-3,7.00000000,
,,,50.47999695E-3,6.80000019,
,,,50.51999912E-3,7.20000029,
,,,50.55999756E-3,6.80000019,
,,,50.59999973E-3,7.00000000,
,,,50.63999817E-3,6.20000029,
,,,50.67999661E-3,6.80000019,
,,,50.71999878E-3,5.20000029,
,,,50.75999722E-3,6.00000000,
,,,50.79999939E-3,4.20000029,
,,,50.83999783E-3,5.20000029,
,,,50.87999627E-3,3.40000010,
,,,50.91999844E-3,4.20000029,
,,,50.95999688E-3,2.4000001,
,,,50.99999905E-3,3.40000010,
,,,51.03999749E-3,1.8000001,
,,,51.07999966E-3,2.4000001,
,,,51.11999810E-3,1.4000000,
,,,51.15999654E-3,2.0000000,
,,,51.19999871E-3,1.000000,
,,,51.23999715E-3,1.6000000,
,,,51.27999932E-3,800.000011921E-3,
,,,51.31999776E-3,1.2000000,
,,,51.35999620E-3,800.000011921E-3,
,,,51.39999837E-3,1.000000,
,,,51.43999681E-3,800.000011921E-3,
,,,51.47999898E-3,1.000000,
,,,51.51999742E-3,800.000011921E-3,
,,,51.55999959E-3,1.2000000,
,,,51.59999803E-3,1.000000,
,,,51.63999647E-3,1.4000000,
,,,51.67999864E-3,1.4000000,
,,,51.71999708E-3,1.8000001,
,,,51.75999925E-3,1.8000001,
,,,51.79999769E-3,2.4000001,
,,,51.83999613E-3,2.4000001,
,,,51.87999830E-3,3.20000005,
,,,51.91999674E-3,3.20000005,
,,,51.95999891E-3,4.20000029,
,,,51.99999735E-3,4.40000010,
,,,52.03999951E-3,5.00000000,
,,,52.07999796E-3,5.00000000,
,,,52.11999640E-3,6.00000000,
,,,52.15999857E-3,6.00000000,
,,,52.19999701E-3,6.59999990,
,,,52.23999918E-3,6.40000010,
,,,52.27999762E-3,7.00000000,
,,,52.31999978E-3,6.59999990,
,,,52.35999823E-3,7.00000000,
,,,52.39999667E-3,6.20000029,
,,,52.43999884E-3,6.80000019,
,,,52.47999728E-3,5.40000010,
,,,52.51999944E-3,6.20000029,
,,,52.55999789E-3,4.80000019,
,,,52.59999633E-3,5.40000010,
,,,52.63999850E-3,3.79999995,
,,,52.67999694E-3,4.59999990,
,,,52.71999910E-3,2.79999995,
,,,52.75999755E-3,3.60000014,
,,,52.79999971E-3,2.0000000,
,,,52.83999816E-3,3.00000000,
,,,52.87999660E-3,1.6000000,
,,,52.91999876E-3,2.2000000,
,,,52.95999721E-3,1.2000000,
,,,52.99999937E-3,1.6000000,
,,,53.03999782E-3,800.000011921E-3,
,,,53.07999626E-3,1.4000000,
,,,53.11999843E-3,400.00000596E-3,
,,,53.15999687E-3,1.000000,
,,,53.19999903E-3,600.000023842E-3,
,,,53.23999748E-3,1.000000,
,,,53.27999964E-3,600.000023842E-3,
,,,53.31999809E-3,1.000000,
,,,53.35999653E-3,800.000011921E-3,
,,,53.39999869E-3,1.2000000,
,,,53.43999714E-3,1.2000000,
,,,53.47999930E-3,1.6000000,
,,,53.51999775E-3,1.4000000,
,,,53.55999619E-3,2.0000000,
,,,53.59999835E-3,2.0000000,
,,,53.63999680E-3,2.79999995,
,,,53.67999896E-3,2.79999995,
,,,53.71999741E-3,3.60000014,
,,,53.75999957E-3,3.79999995,
,,,53.79999802E-3,4.59999990,
,,,53.83999646E-3,4.59999990,
,,,53.87999862E-3,5.20000029,
,,,53.91999707E-3,5.40000010,
,,,53.95999923E-3,6.20000029,
,,,53.99999768E-3,6.20000029,
,,,54.03999612E-3,6.59999990,
,,,54.07999828E-3,6.59999990,
,,,54.11999673E-3,6.80000019,
,,,54.15999889E-3,6.40000010,
,,,54.19999734E-3,6.59999990,
,,,54.23999950E-3,5.80000019,
,,,54.27999794E-3,6.40000010,
,,,54.31999639E-3,5.00000000,
,,,54.35999855E-3,5.59999990,
,,,54.39999700E-3,4.00000000,
,,,54.43999916E-3,4.80000019,
,,,54.47999761E-3,3.40000010,
,,,54.51999605E-3,4.00000000,
,,,54.55999821E-3,2.4000001,
,,,54.599996656E-3,3.20000005,
,,,54.639998823E-3,1.8000001,
,,,54.679997265E-3,2.6000001,
,,,54.719999433E-3,1.4000000,
,,,54.759997874E-3,1.8000001,
,,,54.799996316E-3,1.000000,
,,,54.839998484E-3,1.4000000,
,,,54.879996926E-3,800.000011921E-3,
,,,54.919999093E-3,1.2000000,
,,,54.959997535E-3,800.000011921E-3,
,,,54.999999702E-3,1.000000,
,,,55.039998144E-3,800.000011921E-3,
,,,55.079996586E-3,1.000000,
,,,55.119998753E-3,800.000011921E-3,
,,,55.159997195E-3,1.000000,
,,,55.199999362E-3,1.000000,
,,,55.239997804E-3,1.4000000,
,,,55.279996246E-3,1.2000000,
,,,55.319998413E-3,1.8000001,
,,,55.359996855E-3,1.8000001,
,,,55.399999022E-3,2.2000000,
,,,55.439997464E-3,2.4000001,
,,,55.479999632E-3,3.20000005,
,,,55.519998074E-3,3.20000005,
,,,55.559996516E-3,4.00000000,
,,,55.599998683E-3,4.00000000,
,,,55.639997125E-3,5.00000000,
,,,55.679999292E-3,4.80000019,
,,,55.719997734E-3,5.59999990,
,,,55.759996176E-3,5.59999990,
,,,55.799998343E-3,6.40000010,
,,,55.839996785E-3,6.20000029,
,,,55.879998952E-3,6.59999990,
,,,55.919997394E-3,6.40000010,
,,,55.959999561E-3,6.59999990,
,,,55.999998003E-3,6.00000000,
,,,56.039996445E-3,6.40000010,
,,,56.079998612E-3,5.20000029,
,,,56.119997054E-3,5.80000019,
,,,56.159999222E-3,4.59999990,
,,,56.199997663E-3,5.20000029,
,,,56.239996105E-3,3.60000014,
,,,56.279998273E-3,4.40000010,
,,,56.319996715E-3,2.6000001,
,,,56.359998882E-3,3.60000014,
,,,56.399997324E-3,2.2000000,
,,,56.439999491E-3,2.79999995,
,,,56.479997933E-3,1.6000000,
,,,56.519996375E-3,2.2000000,
,,,56.559998542E-3,1.2000000,
,,,56.599996984E-3,1.6000000,
,,,56.639999151E-3,1.000000,
,,,56.679997593E-3,1.4000000,
,,,56.719996035E-3,600.000023842E-3,
,,,56.759998202E-3,1.000000,
,,,56.799996644E-3,600.000023842E-3,
,,,56.839998811E-3,1.000000,
,,,56.879997253E-3,800.000011921E-3,
,,,56.919999421E-3,1.000000,
,,,56.959997863E-3,800.000011921E-3,
,,,56.999996305E-3,1.2000000,
,,,57.039998472E-3,1.000000,
,,,57.079996914E-3,1.6000000,
,,,57.119999081E-3,1.4000000,
,,,57.159997523E-3,2.0000000,
,,,57.199999690E-3,2.0000000,
,,,57.239998132E-3,2.6000001,
,,,57.279996574E-3,2.79999995,
,,,57.319998741E-3,3.40000010,
,,,57.359997183E-3,3.60000014,
,,,57.399999350E-3,4.20000029,
,,,57.439997792E-3,4.20000029,
,,,57.479996234E-3,5.20000029,
,,,57.519998401E-3,5.00000000,
,,,57.559996843E-3,5.80000019,
,,,57.599999011E-3,5.80000019,
,,,57.639997452E-3,6.40000010,
,,,57.679999620E-3,6.40000010,
,,,57.719998062E-3,6.40000010,
,,,57.759996504E-3,6.00000000,
,,,57.799998671E-3,6.40000010,
,,,57.839997113E-3,5.59999990,
,,,57.879999280E-3,6.00000000,
,,,57.919997722E-3,4.80000019,
,,,57.959996164E-3,5.40000010,
,,,57.999998331E-3,3.79999995,
,,,58.039996773E-3,4.59999990,
,,,58.079998940E-3,3.00000000,
,,,58.119997382E-3,4.00000000,
,,,58.159999549E-3,2.2000000,
,,,58.199997991E-3,3.00000000,
,,,58.239996433E-3,1.6000000,
,,,58.279998600E-3,2.2000000,
,,,58.319997042E-3,1.2000000,
,,,58.359999210E-3,1.8000001,
,,,58.399997652E-3,1.000000,
,,,58.439996094E-3,1.4000000,
,,,58.479998261E-3,800.000011921E-3,
,,,58.519996703E-3,1.2000000,
,,,58.559998870E-3,600.000023842E-3,
,,,58.599997312E-3,1.000000,
,,,58.639999479E-3,800.000011921E-3,
,,,58.679997921E-3,1.000000,
,,,58.719996363E-3,800.000011921E-3,
,,,58.759998530E-3,1.2000000,
,,,58.799996972E-3,1.000000,
,,,58.839999139E-3,1.2000000,
,,,58.879997581E-3,1.000000,
,,,58.919996023E-3,1.6000000,
,,,58.959998190E-3,1.6000000,
,,,58.999996632E-3,2.4000001,
,,,59.039998800E-3,2.2000000,
,,,59.079997241E-3,3.00000000,
,,,59.119999409E-3,3.00000000,
,,,59.159997851E-3,3.79999995,
,,,59.199996293E-3,4.00000000,
,,,59.239998460E-3,4.59999990,
,,,59.279996902E-3,4.80000019,
,,,59.319999069E-3,5.40000010,
,,,59.359997511E-3,5.40000010,
,,,59.399995953E-3,6.00000000,
,,,59.439998120E-3,6.00000000,
,,,59.479996562E-3,6.20000029,
,,,59.519998729E-3,6.00000000,
,,,59.559997171E-3,6.40000010,
,,,59.599999338E-3,5.59999990,
,,,59.639997780E-3,6.20000029,
,,,59.679996222E-3,5.00000000,
,,,59.719998389E-3,5.59999990,
,,,59.759996831E-3,4.20000029,
,,,59.799998999E-3,4.80000019,
,,,59.839997441E-3,3.20000005,
,,,59.879999608E-3,4.20000029,
,,,59.919998050E-3,2.6000001,
,,,59.959996492E-3,3.40000010,
,,,59.999998659E-3,2.0000000,
,,,60.039997101E-3,2.6000001,
,,,60.079999268E-3,1.6000000,
,,,60.119997710E-3,2.0000000,
,,,60.159996152E-3,1.2000000,
,,,60.199998319E-3,1.6000000,
,,,60.239996761E-3,1.000000,
,,,60.279998928E-3,1.2000000,
,,,60.319997370E-3,600.000023842E-3,
,,,60.359999537E-3,1.2000000,
,,,60.399997979E-3,800.000011921E-3,
,,,60.439996421E-3,1.000000,
,,,60.479998589E-3,800.000011921E-3,
,,,60.519997030E-3,1.2000000,
,,,60.559999198E-3,1.000000,
,,,60.599997640E-3,1.4000000,
,,,60.639996082E-3,1.2000000,
,,,60.679998249E-3,1.6000000,
,,,60.719996691E-3,1.4000000,
,,,60.759998858E-3,2.0000000,
,,,60.799997300E-3,1.8000001,
,,,60.839999467E-3,2.6000001,
,,,60.879997909E-3,2.6000001,
,,,60.919996351E-3,3.40000010,
,,,60.959998518E-3,3.00000000,
,,,60.999996960E-3,4.20000029,
,,,61.039999127E-3,4.20000029,
,,,61.079997569E-3,5.00000000,
,,,61.119996011E-3,5.00000000,
,,,61.159998178E-3,5.59999990,
,,,61.199996620E-3,5.40000010,
,,,61.239998788E-3,6.00000000,
,,,61.279997230E-3,6.00000000,
,,,61.319999397E-3,6.20000029,
,,,61.359997839E-3,5.80000019,
,,,61.399996281E-3,6.00000000,
,,,61.439998448E-3,5.20000029,
,,,61.479996890E-3,5.80000019,
,,,61.519999057E-3,4.59999990,
,,,61.559997499E-3,5.20000029,
,,,61.599995941E-3,3.79999995,
,,,61.639998108E-3,4.40000010,
,,,61.679996550E-3,2.79999995,
,,,61.719998717E-3,3.79999995,
,,,61.759997159E-3,2.0000000,
,,,61.799999326E-3,2.79999995,
,,,61.839997768E-3,1.6000000,
,,,61.879996210E-3,2.2000000,
,,,61.919998378E-3,1.000000,
,,,61.959996819E-3,1.6000000,
,,,61.999998987E-3,1.000000,
,,,62.039997429E-3,1.4000000,
,,,62.079995871E-3,600.000023842E-3,
,,,62.119998038E-3,1.2000000,
,,,62.159996480E-3,600.000023842E-3,
,,,62.199998647E-3,800.000011921E-3,
,,,62.239997089E-3,600.000023842E-3,
,,,62.279999256E-3,1.000000,
,,,62.319997698E-3,800.000011921E-3,
,,,62.359996140E-3,1.2000000,
,,,62.399998307E-3,800.000011921E-3,
,,,62.439996749E-3,1.2000000,
,,,62.479998916E-3,1.2000000,
,,,62.519997358E-3,1.6000000,
,,,62.559999526E-3,1.6000000,
,,,62.599994242E-3,2.0000000,
,,,62.639996409E-3,2.0000000,
,,,62.679998577E-3,2.79999995,
,,,62.720000744E-3,2.79999995,
,,,62.759995461E-3,3.60000014,
,,,62.799997628E-3,3.60000014,
,,,62.839999795E-3,4.40000010,
,,,62.879994512E-3,4.40000010,
,,,62.919996679E-3,5.00000000,
,,,62.959998846E-3,5.00000000,
,,,63.000001013E-3,5.59999990,
,,,63.039995730E-3,5.59999990,
,,,63.079997897E-3,6.00000000,
,,,63.120000064E-3,5.80000019,
,,,63.159994781E-3,6.00000000,
,,,63.199996948E-3,5.40000010,
,,,63.239999115E-3,5.80000019,
,,,63.280001283E-3,4.80000019,
,,,63.319995999E-3,5.40000010,
,,,63.359998167E-3,4.20000029,
,,,63.400000334E-3,4.59999990,
,,,63.439995050E-3,3.00000000,
,,,63.479997218E-3,4.00000000,
,,,63.519999385E-3,2.4000001,
,,,63.559994102E-3,3.20000005,
,,,63.599996269E-3,1.8000001,
,,,63.639998436E-3,2.4000001,
,,,63.680000603E-3,1.4000000,
,,,63.719995320E-3,2.0000000,
,,,63.759997487E-3,1.000000,
,,,63.799999654E-3,1.6000000,
,,,63.839994371E-3,1.000000,
,,,63.879996538E-3,1.2000000,
,,,63.919998705E-3,800.000011921E-3,
,,,63.960000873E-3,1.000000,
,,,63.999995589E-3,800.000011921E-3,
,,,64.039997756E-3,1.000000,
,,,64.079999924E-3,800.000011921E-3,
,,,64.119994640E-3,1.000000,
,,,64.159996808E-3,1.000000,
,,,64.199998975E-3,1.2000000,
,,,64.240001142E-3,1.000000,
,,,64.279995859E-3,1.6000000,
,,,64.319998026E-3,1.4000000,
,,,64.360000193E-3,1.8000001,
,,,64.399994910E-3,1.8000001,
,,,64.439997077E-3,2.4000001,
,,,64.479999244E-3,2.4000001,
,,,64.519993961E-3,3.20000005,
,,,64.559996128E-3,3.20000005,
,,,64.599998295E-3,3.79999995,
,,,64.640000463E-3,3.79999995,
,,,64.679995179E-3,4.59999990,
,,,64.719997346E-3,4.59999990,
,,,64.759999514E-3,5.20000029,
,,,64.799994230E-3,5.20000029,
,,,64.839996397E-3,5.59999990,
,,,64.879998565E-3,5.59999990,
,,,64.920000732E-3,5.80000019,
,,,64.959995449E-3,5.40000010,
,,,64.999997616E-3,5.80000019,
,,,65.039999783E-3,4.80000019,
,,,65.079994500E-3,5.40000010,
,,,65.119996667E-3,4.40000010,
,,,65.159998834E-3,4.80000019,
,,,65.200001001E-3,3.40000010,
,,,65.239995718E-3,4.20000029,
,,,65.279997885E-3,2.79999995,
,,,65.320000052E-3,3.40000010,
,,,65.359994769E-3,2.0000000,
,,,65.399996936E-3,2.6000001,
,,,65.439999104E-3,1.4000000,
,,,65.480001271E-3,2.0000000,
,,,65.519995987E-3,1.2000000,
,,,65.559998155E-3,1.6000000,
,,,65.600000322E-3,800.000011921E-3,
,,,65.639995039E-3,1.4000000,
,,,65.679997206E-3,800.000011921E-3,
,,,65.719999373E-3,1.000000,
,,,65.759994090E-3,600.000023842E-3,
,,,65.799996257E-3,1.000000,
,,,65.839998424E-3,600.000023842E-3,
,,,65.880000591E-3,1.000000,
,,,65.919995308E-3,800.000011921E-3,
,,,65.959997475E-3,1.000000,
,,,65.999999642E-3,1.000000,
,,,66.039994359E-3,1.2000000,
,,,66.079996526E-3,1.000000,
,,,66.119998693E-3,1.4000000,
,,,66.160000861E-3,1.4000000,
,,,66.199995577E-3,2.0000000,
,,,66.239997745E-3,2.0000000,
,,,66.279999912E-3,2.6000001,
,,,66.319994628E-3,2.6000001,
,,,66.359996796E-3,3.40000010,
,,,66.399998963E-3,3.40000010,
,,,66.440001130E-3,4.20000029,
,,,66.479995847E-3,4.20000029,
,,,66.519998014E-3,4.80000019,
,,,66.560000181E-3,4.80000019,
,,,66.599994898E-3,5.40000010,
,,,66.639997065E-3,5.40000010,
,,,66.679999232E-3,5.80000019,
,,,66.719993949E-3,5.40000010,
,,,66.759996116E-3,5.59999990,
,,,66.799998283E-3,5.00000000,
,,,66.840000451E-3,5.59999990,
,,,66.879995167E-3,4.59999990,
,,,66.919997334E-3,5.00000000,
,,,66.959999502E-3,4.00000000,
,,,66.999994218E-3,4.40000010,
,,,67.039996386E-3,3.00000000,
,,,67.079998553E-3,3.79999995,
,,,67.120000720E-3,2.4000001,
,,,67.159995437E-3,3.00000000,
,,,67.199997604E-3,1.6000000,
,,,67.239999771E-3,2.4000001,
,,,67.279994488E-3,1.4000000,
,,,67.319996655E-3,1.8000001,
,,,67.359998822E-3,1.000000,
,,,67.400000989E-3,1.4000000,
,,,67.439995706E-3,1.000000,
,,,67.479997873E-3,1.2000000,
,,,67.520000041E-3,600.000023842E-3,
,,,67.559994757E-3,1.000000,
,,,67.599996924E-3,600.000023842E-3,
,,,67.639999092E-3,1.000000,
,,,67.680001259E-3,600.000023842E-3,
,,,67.719995975E-3,1.000000,
,,,67.759998143E-3,800.000011921E-3,
,,,67.800000310E-3,1.2000000,
,,,67.839995027E-3,1.000000,
,,,67.879997194E-3,1.4000000,
,,,67.919999361E-3,1.4000000,
,,,67.959994078E-3,1.8000001,
,,,67.999996245E-3,1.6000000,
,,,68.039998412E-3,2.4000001,
,,,68.080000579E-3,2.4000001,
,,,68.119995296E-3,3.00000000,
,,,68.159997463E-3,3.00000000,
,,,68.199999630E-3,3.79999995,
,,,68.239994347E-3,3.79999995,
,,,68.279996514E-3,4.40000010,
,,,68.319998682E-3,4.40000010,
,,,68.360000849E-3,5.00000000,
,,,68.399995565E-3,5.00000000,
,,,68.439997733E-3,5.40000010,
,,,68.479999900E-3,5.20000029,
,,,68.519994617E-3,5.59999990,
,,,68.559996784E-3,5.00000000,
,,,68.599998951E-3,5.40000010,
,,,68.640001118E-3,4.80000019,
,,,68.679995835E-3,5.20000029,
,,,68.719998002E-3,4.00000000,
,,,68.760000169E-3,4.80000019,
,,,68.799994886E-3,3.40000010,
,,,68.839997053E-3,4.00000000,
,,,68.879999220E-3,2.4000001,
,,,68.919993937E-3,3.20000005,
,,,68.959996104E-3,1.8000001,
,,,68.999998271E-3,2.6000001,
,,,69.040000439E-3,1.6000000,
,,,69.079995155E-3,2.0000000,
,,,69.119997323E-3,1.2000000,
,,,69.159999490E-3,1.6000000,
,,,69.199994206E-3,1.000000,
,,,69.239996374E-3,1.2000000,
,,,69.279998541E-3,800.000011921E-3,
,,,69.320000708E-3,1.000000,
,,,69.359995425E-3,600.000023842E-3,
,,,69.399997592E-3,800.000011921E-3,
,,,69.439999759E-3,600.000023842E-3,
,,,69.479994476E-3,1.000000,
,,,69.519996643E-3,800.000011921E-3,
,,,69.559998810E-3,1.000000,
,,,69.600000978E-3,800.000011921E-3,
,,,69.639995694E-3,1.2000000,
,,,69.679997861E-3,1.000000,
,,,69.720000029E-3,1.6000000,
,,,69.759994745E-3,1.4000000,
,,,69.799996912E-3,1.8000001,
,,,69.839999080E-3,1.8000001,
,,,69.879993796E-3,2.79999995,
,,,69.919995964E-3,2.6000001,
,,,69.959998131E-3,3.20000005,
,,,70.000000298E-3,3.20000005,
,,,70.039995015E-3,4.00000000,
,,,70.079997182E-3,3.79999995,
,,,70.119999349E-3,4.59999990,
,,,70.159994066E-3,4.40000010,
,,,70.199996233E-3,5.20000029,
,,,70.239998400E-3,5.00000000,
,,,70.280000567E-3,5.40000010,
,,,70.319995284E-3,5.20000029,
,,,70.359997451E-3,5.40000010,
,,,70.399999619E-3,4.80000019,
,,,70.439994335E-3,5.20000029,
,,,70.479996502E-3,4.40000010,
,,,70.519998670E-3,4.80000019,
,,,70.560000837E-3,3.79999995,
,,,70.599995553E-3,4.20000029,
,,,70.639997721E-3,2.79999995,
,,,70.679999888E-3,3.60000014,
,,,70.719994605E-3,2.4000001,
,,,70.759996772E-3,2.79999995,
,,,70.799998939E-3,1.8000001,
,,,70.840001106E-3,2.2000000,
,,,70.879995823E-3,1.4000000,
,,,70.919997990E-3,1.8000001,
,,,70.960000157E-3,1.2000000,
,,,70.999994874E-3,1.4000000,
,,,71.039997041E-3,800.000011921E-3,
,,,71.079999208E-3,1.2000000,
,,,71.119993925E-3,600.000023842E-3,
,,,71.159996092E-3,1.000000,
,,,71.199998260E-3,800.000011921E-3,
,,,71.240000427E-3,1.000000,
,,,71.279995143E-3,800.000011921E-3,
,,,71.319997311E-3,1.000000,
,,,71.359999478E-3,800.000011921E-3,
,,,71.399994195E-3,1.2000000,
,,,71.439996362E-3,1.2000000,
,,,71.479998529E-3,1.4000000,
,,,71.520000696E-3,1.2000000,
,,,71.559995413E-3,1.8000001,
,,,71.599997580E-3,1.4000000,
,,,71.639999747E-3,2.2000000,
,,,71.679994464E-3,2.2000000,
,,,71.719996631E-3,2.79999995,
,,,71.759998798E-3,2.79999995,
,,,71.800000966E-3,3.40000010,
,,,71.839995682E-3,3.40000010,
,,,71.879997849E-3,4.20000029,
,,,71.920000017E-3,4.20000029,
,,,71.959994733E-3,4.80000019,
,,,71.999996901E-3,4.80000019,
,,,72.039999068E-3,5.20000029,
,,,72.079993784E-3,5.00000000,
,,,72.119995952E-3,5.40000010,
,,,72.159998119E-3,5.00000000,
,,,72.200000286E-3,5.40000010,
,,,72.239995003E-3,4.59999990,
,,,72.279997170E-3,5.00000000,
,,,72.319999337E-3,3.79999995,
,,,72.359994054E-3,4.40000010,
,,,72.399996221E-3,3.20000005,
,,,72.439998388E-3,4.00000000,
,,,72.480000556E-3,2.4000001,
,,,72.519995272E-3,3.00000000,
,,,72.559997439E-3,1.8000001,
,,,72.599999607E-3,2.4000001,
,,,72.639994323E-3,1.2000000,
,,,72.679996490E-3,2.0000000,
,,,72.719998658E-3,1.000000,
,,,72.760000825E-3,1.4000000,
,,,72.799995542E-3,1.000000,
,,,72.839997709E-3,1.2000000,
,,,72.879999876E-3,800.000011921E-3,
,,,72.919994593E-3,1.000000,
,,,72.959996760E-3,400.00000596E-3,
,,,72.999998927E-3,800.000011921E-3,
,,,73.040001094E-3,600.000023842E-3,
,,,73.079995811E-3,1.000000,
,,,73.119997978E-3,800.000011921E-3,
,,,73.160000145E-3,1.000000,
,,,73.199994862E-3,800.000011921E-3,
,,,73.239997029E-3,1.2000000,
,,,73.279999197E-3,1.000000,
,,,73.319993913E-3,1.4000000,
,,,73.359996080E-3,1.4000000,
,,,73.399998248E-3,1.8000001,
,,,73.440000415E-3,1.8000001,
,,,73.479995131E-3,2.4000001,
,,,73.519997299E-3,2.4000001,
,,,73.559999466E-3,3.00000000,
,,,73.599994183E-3,3.20000005,
,,,73.639996350E-3,4.00000000,
,,,73.679998517E-3,3.79999995,
,,,73.720000684E-3,4.40000010,
,,,73.759995401E-3,4.40000010,
,,,73.799997568E-3,5.00000000,
,,,73.839999735E-3,4.80000019,
,,,73.879994452E-3,5.20000029,
,,,73.919996619E-3,5.00000000,
,,,73.959998786E-3,5.20000029,
,,,74.000000954E-3,4.80000019,
,,,74.039995670E-3,5.00000000,
,,,74.079997838E-3,4.20000029,
,,,74.120000005E-3,4.80000019,
,,,74.159994721E-3,3.40000010,
,,,74.199996889E-3,4.20000029,
,,,74.239999056E-3,2.6000001,
,,,74.279993773E-3,3.40000010,
,,,74.319995940E-3,2.2000000,
,,,74.359998107E-3,2.79999995,
,,,74.400000274E-3,1.6000000,
,,,74.439994991E-3,2.2000000,
,,,74.479997158E-3,1.2000000,
,,,74.519999325E-3,1.8000001,
,,,74.559994042E-3,1.000000,
,,,74.599996209E-3,1.4000000,
,,,74.639998376E-3,800.000011921E-3,
,,,74.680000544E-3,1.2000000,
,,,74.719995260E-3,600.000023842E-3,
,,,74.759997427E-3,1.000000,
,,,74.799999595E-3,600.000023842E-3,
,,,74.839994311E-3,1.000000,
,,,74.879996479E-3,800.000011921E-3,
,,,74.919998646E-3,1.000000,
,,,74.960000813E-3,1.000000,
,,,74.999995530E-3,1.2000000,
,,,75.039997697E-3,1.000000,
,,,75.079999864E-3,1.4000000,
,,,75.119994581E-3,1.2000000,
,,,75.159996748E-3,1.6000000,
,,,75.199998915E-3,1.6000000,
,,,75.240001082E-3,2.2000000,
,,,75.279995799E-3,2.0000000,
,,,75.319997966E-3,2.6000001,
,,,75.360000134E-3,2.79999995,
,,,75.399994850E-3,3.40000010,
,,,75.439997017E-3,3.40000010,
,,,75.479999185E-3,4.00000000,
,,,75.519993901E-3,4.00000000,
,,,75.559996068E-3,4.59999990,
,,,75.599998236E-3,4.59999990,
,,,75.640000403E-3,5.00000000,
,,,75.679995120E-3,4.80000019,
,,,75.719997287E-3,5.20000029,
,,,75.759999454E-3,4.59999990,
,,,75.799994171E-3,5.00000000,
,,,75.839996338E-3,4.40000010,
,,,75.879998505E-3,4.59999990,
,,,75.920000672E-3,3.60000014,
,,,75.959995389E-3,4.40000010,
,,,75.999997556E-3,3.00000000,
,,,76.039999723E-3,3.60000014,
,,,76.079994440E-3,2.4000001,
,,,76.119996607E-3,3.00000000,
,,,76.159998775E-3,1.6000000,
,,,76.200000942E-3,2.4000001,
,,,76.239995658E-3,1.2000000,
,,,76.279997826E-3,1.8000001,
,,,76.319999993E-3,800.000011921E-3,
,,,76.359994709E-3,1.4000000,
,,,76.399996877E-3,800.000011921E-3,
,,,76.439999044E-3,1.000000,
,,,76.479993761E-3,600.000023842E-3,
,,,76.519995928E-3,1.000000,
,,,76.559998095E-3,400.00000596E-3,
,,,76.600000262E-3,800.000011921E-3,
,,,76.639994979E-3,400.00000596E-3,
,,,76.679997146E-3,800.000011921E-3,
,,,76.719999313E-3,600.000023842E-3,
,,,76.759994030E-3,1.000000,
,,,76.799996197E-3,800.000011921E-3,
,,,76.839998364E-3,1.2000000,
,,,76.880000532E-3,1.000000,
,,,76.919995248E-3,1.2000000,
,,,76.959997416E-3,1.2000000,
,,,76.999999583E-3,1.8000001,
,,,77.039994299E-3,1.6000000,
,,,77.079996467E-3,2.4000001,
,,,77.119998634E-3,2.2000000,
,,,77.160000801E-3,3.00000000,
,,,77.199995518E-3,3.00000000,
,,,77.239997685E-3,3.60000014,
,,,77.279999852E-3,3.60000014,
,,,77.319994569E-3,4.40000010,
,,,77.359996736E-3,4.20000029,
,,,77.399998903E-3,4.59999990,
,,,77.439993620E-3,4.59999990,
,,,77.479995787E-3,4.80000019,
,,,77.519997954E-3,4.80000019,
,,,77.560000122E-3,5.00000000,
,,,77.599994838E-3,4.40000010,
,,,77.639997005E-3,4.80000019,
,,,77.679999173E-3,4.00000000,
,,,77.719993889E-3,4.40000010,
,,,77.759996057E-3,3.20000005,
,,,77.799998224E-3,4.00000000,
,,,77.840000391E-3,2.6000001,
,,,77.879995108E-3,3.20000005,
,,,77.919997275E-3,2.0000000,
,,,77.959999442E-3,2.6000001,
,,,77.999994159E-3,1.6000000,
,,,78.039996326E-3,2.0000000,
,,,78.079998493E-3,1.2000000,
,,,78.120000660E-3,1.8000001,
,,,78.159995377E-3,1.000000,
,,,78.199997544E-3,1.6000000,
,,,78.239999712E-3,1.000000,
,,,78.279994428E-3,1.2000000,
,,,78.319996595E-3,600.000023842E-3,
,,,78.359998763E-3,1.2000000,
,,,78.400000930E-3,800.000011921E-3,
,,,78.439995646E-3,1.000000,
,,,78.479997814E-3,800.000011921E-3,
,,,78.519999981E-3,1.000000,
,,,78.559994698E-3,1.000000,
,,,78.599996865E-3,1.2000000,
,,,78.639999032E-3,1.000000,
,,,78.679993749E-3,1.4000000,
,,,78.719995916E-3,1.2000000,
,,,78.759998083E-3,1.6000000,
,,,78.800000250E-3,1.6000000,
,,,78.839994967E-3,2.2000000,
,,,78.879997134E-3,2.2000000,
,,,78.919999301E-3,2.6000001,
,,,78.959994018E-3,2.6000001,
,,,78.999996185E-3,3.20000005,
,,,79.039998353E-3,3.20000005,
,,,79.080000520E-3,4.00000000,
,,,79.119995236E-3,3.79999995,
,,,79.159997404E-3,4.40000010,
,,,79.199999571E-3,4.40000010,
,,,79.239994287E-3,5.00000000,
,,,79.279996455E-3,4.59999990,
,,,79.319998622E-3,4.80000019,
,,,79.360000789E-3,4.40000010,
,,,79.399995506E-3,4.80000019,
,,,79.439997673E-3,4.20000029,
,,,79.479999840E-3,4.59999990,
,,,79.519994557E-3,3.60000014,
,,,79.559996724E-3,4.20000029,
,,,79.599998891E-3,2.79999995,
,,,79.639993608E-3,3.40000010,
,,,79.679995775E-3,2.2000000,
,,,79.719997942E-3,2.79999995,
,,,79.760000110E-3,1.8000001,
,,,79.799994826E-3,2.4000001,
,,,79.839996994E-3,1.2000000,
,,,79.879999161E-3,1.8000001,
,,,79.919993877E-3,1.000000,
,,,79.959996045E-3,1.4000000,
,,,79.999998212E-3,800.000011921E-3,
,,,80.040000379E-3,1.2000000,
,,,80.079995096E-3,600.000023842E-3,
,,,80.119997263E-3,1.000000,
,,,80.159999430E-3,600.000023842E-3,
,,,80.199994147E-3,800.000011921E-3,
,,,80.239996314E-3,600.000023842E-3,
,,,80.279998481E-3,800.000011921E-3,
,,,80.320000648E-3,800.000011921E-3,
,,,80.359995365E-3,1.000000,
,,,80.399997532E-3,800.000011921E-3,
,,,80.439999700E-3,1.000000,
,,,80.479994416E-3,1.000000,
,,,80.519996583E-3,1.4000000,
,,,80.559998751E-3,1.2000000,
,,,80.600000918E-3,1.8000001,
,,,80.639995635E-3,1.6000000,
,,,80.679997802E-3,2.4000001,
,,,80.719999969E-3,2.0000000,
,,,80.759994686E-3,2.79999995,
,,,80.799996853E-3,2.79999995,
,,,80.839999020E-3,3.40000010,
,,,80.879993737E-3,3.40000010,
,,,80.919995904E-3,4.00000000,
,,,80.959998071E-3,4.00000000,
,,,81.000000238E-3,4.40000010,
,,,81.039994955E-3,4.40000010,
,,,81.079997122E-3,4.80000019,
,,,81.119999290E-3,4.40000010,
,,,81.159994006E-3,4.80000019,
,,,81.199996173E-3,4.20000029,
,,,81.239998341E-3,4.59999990,
,,,81.280000508E-3,3.79999995,
,,,81.319995224E-3,4.20000029,
,,,81.359997392E-3,3.20000005,
,,,81.399999559E-3,3.79999995,
,,,81.439994276E-3,2.4000001,
,,,81.479996443E-3,3.20000005,
,,,81.519998610E-3,1.8000001,
,,,81.560000777E-3,2.6000001,
,,,81.599995494E-3,1.6000000,
,,,81.639997661E-3,2.0000000,
,,,81.679999828E-3,1.2000000,
,,,81.719994545E-3,1.8000001,
,,,81.759996712E-3,1.000000,
,,,81.799998879E-3,1.4000000,
,,,81.839993596E-3,1.000000,
,,,81.879995763E-3,1.2000000,
,,,81.919997931E-3,600.000023842E-3,
,,,81.960000098E-3,1.2000000,
,,,81.999994814E-3,600.000023842E-3,
,,,82.039996982E-3,1.000000,
,,,82.079999149E-3,800.000011921E-3,
,,,82.119993865E-3,1.000000,
,,,82.159996033E-3,800.000011921E-3,
,,,82.199998200E-3,1.2000000,
,,,82.240000367E-3,1.000000,
,,,82.279995084E-3,1.2000000,
,,,82.319997251E-3,1.000000,
,,,82.359999418E-3,1.4000000,
,,,82.399994135E-3,1.2000000,
,,,82.439996302E-3,2.0000000,
,,,82.479998469E-3,2.0000000,
,,,82.520000637E-3,2.6000001,
,,,82.559995353E-3,2.6000001,
,,,82.599997520E-3,3.00000000,
,,,82.639999688E-3,3.20000005,
,,,82.679994404E-3,3.79999995,
,,,82.719996572E-3,3.79999995,
,,,82.759998739E-3,4.20000029,
,,,82.800000906E-3,4.20000029,
,,,82.839995623E-3,4.40000010,
,,,82.879997790E-3,4.40000010,
,,,82.919999957E-3,4.80000019,
,,,82.959994674E-3,4.40000010,
,,,82.999996841E-3,4.59999990,
,,,83.039999008E-3,3.79999995,
,,,83.079993725E-3,4.40000010,
,,,83.119995892E-3,3.20000005,
,,,83.159998059E-3,4.00000000,
,,,83.200000226E-3,2.79999995,
,,,83.239994943E-3,3.40000010,
,,,83.279997110E-3,2.0000000,
,,,83.319999278E-3,2.79999995,
,,,83.359993994E-3,1.6000000,
,,,83.399996161E-3,2.2000000,
,,,83.439998329E-3,1.2000000,
,,,83.480000496E-3,1.8000001,
,,,83.519995213E-3,1.000000,
,,,83.559997380E-3,1.4000000,
,,,83.599999547E-3,800.000011921E-3,
,,,83.639994264E-3,1.2000000,
,,,83.679996431E-3,800.000011921E-3,
,,,83.719998598E-3,1.000000,
,,,83.760000765E-3,600.000023842E-3,
,,,83.799995482E-3,800.000011921E-3,
,,,83.839997649E-3,600.000023842E-3,
,,,83.879999816E-3,1.000000,
,,,83.919994533E-3,600.000023842E-3,
,,,83.959996700E-3,1.000000,
,,,83.999998868E-3,800.000011921E-3,
,,,84.039993584E-3,1.000000,
,,,84.079995751E-3,1.000000,
,,,84.119997919E-3,1.2000000,
,,,84.160000086E-3,1.2000000,
,,,84.199994802E-3,1.6000000,
,,,84.239996970E-3,1.4000000,
,,,84.279999137E-3,2.0000000,
,,,84.319993854E-3,2.0000000,
,,,84.359996021E-3,2.6000001,
,,,84.399998188E-3,2.6000001,
,,,84.440000355E-3,3.40000010,
,,,84.479995072E-3,3.20000005,
,,,84.519997239E-3,3.79999995,
,,,84.559999406E-3,3.79999995,
,,,84.599994123E-3,4.40000010,
,,,84.639996290E-3,4.20000029,
,,,84.679998457E-3,4.59999990,
,,,84.720000625E-3,4.40000010,
,,,84.759995341E-3,4.40000010,
,,,84.799997509E-3,4.00000000,
,,,84.839999676E-3,4.40000010,
,,,84.879994392E-3,3.40000010,
,,,84.919996560E-3,4.00000000,
,,,84.959998727E-3,3.00000000,
,,,84.999993443E-3,3.60000014,
,,,85.039995611E-3,2.2000000,
,,,85.079997778E-3,3.00000000,
,,,85.119999945E-3,1.8000001,
,,,85.159994662E-3,2.4000001,
,,,85.199996829E-3,1.4000000,
,,,85.239998996E-3,2.0000000,
,,,85.279993713E-3,1.2000000,
,,,85.319995880E-3,1.6000000,
,,,85.359998047E-3,1.000000,
,,,85.400000215E-3,1.4000000,
,,,85.439994931E-3,800.000011921E-3,
,,,85.479997098E-3,1.2000000,
,,,85.519999266E-3,800.000011921E-3,
,,,85.559993982E-3,1.000000,
,,,85.599996150E-3,800.000011921E-3,
,,,85.639998317E-3,1.000000,
,,,85.680000484E-3,600.000023842E-3,
,,,85.719995201E-3,1.2000000,
,,,85.759997368E-3,800.000011921E-3,
,,,85.799999535E-3,1.2000000,
,,,85.839994252E-3,1.000000,
,,,85.879996419E-3,1.2000000,
,,,85.919998586E-3,1.2000000,
,,,85.960000753E-3,1.4000000,
,,,85.999995470E-3,1.4000000,
,,,86.039997637E-3,2.0000000,
,,,86.079999804E-3,1.8000001,
,,,86.119994521E-3,2.4000001,
,,,86.159996688E-3,2.2000000,
,,,86.199998856E-3,3.00000000,
,,,86.239993572E-3,2.79999995,
,,,86.279995739E-3,3.40000010,
,,,86.319997907E-3,3.40000010,
,,,86.360000074E-3,4.20000029,
,,,86.399994791E-3,4.00000000,
,,,86.439996958E-3,4.40000010,
,,,86.479999125E-3,4.00000000,
,,,86.519993842E-3,4.40000010,
,,,86.559996009E-3,4.00000000,
,,,86.599998176E-3,4.40000010,
,,,86.640000343E-3,3.60000014,
,,,86.679995060E-3,4.20000029,
,,,86.719997227E-3,3.20000005,
,,,86.759999394E-3,3.79999995,
,,,86.799994111E-3,2.6000001,
,,,86.839996278E-3,3.20000005,
,,,86.879998446E-3,2.0000000,
,,,86.920000613E-3,2.6000001,
,,,86.959995329E-3,1.4000000,
,,,86.999997497E-3,2.0000000,
,,,87.039999664E-3,1.000000,
,,,87.079994380E-3,1.6000000,
,,,87.119996548E-3,1.000000,
,,,87.159998715E-3,1.2000000,
,,,87.199993432E-3,800.000011921E-3,
,,,87.239995599E-3,1.2000000,
,,,87.279997766E-3,600.000023842E-3,
,,,87.319999933E-3,1.000000,
,,,87.359994650E-3,600.000023842E-3,
,,,87.399996817E-3,800.000011921E-3,
,,,87.439998984E-3,600.000023842E-3,
,,,87.479993701E-3,1.000000,
,,,87.519995868E-3,600.000023842E-3,
,,,87.559998035E-3,1.000000,
,,,87.600000203E-3,600.000023842E-3,
,,,87.639994919E-3,1.000000,
,,,87.679997087E-3,800.000011921E-3,
,,,87.719999254E-3,1.2000000,
,,,87.759993970E-3,1.2000000,
,,,87.799996138E-3,1.6000000,
,,,87.839998305E-3,1.4000000,
,,,87.880000472E-3,2.0000000,
,,,87.919995189E-3,1.8000001,
,,,87.959997356E-3,2.6000001,
,,,87.999999523E-3,2.6000001,
,,,88.039994240E-3,3.20000005,
,,,88.079996407E-3,3.00000000,
,,,88.119998574E-3,3.60000014,
,,,88.160000741E-3,3.60000014,
,,,88.199995458E-3,4.20000029,
,,,88.239997625E-3,4.20000029,
,,,88.279999793E-3,4.40000010,
,,,88.319994509E-3,4.00000000,
,,,88.359996676E-3,4.40000010,
,,,88.399998844E-3,3.79999995,
,,,88.439993560E-3,4.20000029,
,,,88.479995728E-3,3.40000010,
,,,88.519997895E-3,3.79999995,
,,,88.560000062E-3,2.79999995,
,,,88.599994779E-3,3.40000010,
,,,88.639996946E-3,2.2000000,
,,,88.679999113E-3,2.79999995,
,,,88.719993830E-3,1.6000000,
,,,88.759995997E-3,2.2000000,
,,,88.799998164E-3,1.2000000,
,,,88.840000331E-3,1.8000001,
,,,88.879995048E-3,1.000000,
,,,88.919997215E-3,1.6000000,
,,,88.959999382E-3,1.000000,
,,,88.999994099E-3,1.2000000,
,,,89.039996266E-3,800.000011921E-3,
,,,89.079998434E-3,1.2000000,
,,,89.120000601E-3,600.000023842E-3,
,,,89.159995317E-3,1.000000,
,,,89.199997485E-3,800.000011921E-3,
,,,89.239999652E-3,1.000000,
,,,89.279994369E-3,600.000023842E-3,
,,,89.319996536E-3,1.000000,
,,,89.359998703E-3,800.000011921E-3,
,,,89.399993420E-3,1.2000000,
,,,89.439995587E-3,1.000000,
,,,89.479997754E-3,1.2000000,
,,,89.519999921E-3,1.2000000,
,,,89.559994638E-3,1.4000000,
,,,89.599996805E-3,1.4000000,
,,,89.639998972E-3,1.8000001,
,,,89.679993689E-3,1.6000000,
,,,89.719995856E-3,2.2000000,
,,,89.759998024E-3,2.2000000,
,,,89.800000191E-3,2.79999995,
,,,89.839994907E-3,2.79999995,
,,,89.879997075E-3,3.40000010,
,,,89.919999242E-3,3.20000005,
,,,89.959993958E-3,4.00000000,
,,,89.999996126E-3,3.79999995,
,,,90.039998293E-3,4.20000029,
,,,90.080000460E-3,4.00000000,
,,,90.119995177E-3,4.40000010,
,,,90.159997344E-3,4.00000000,
,,,90.199999511E-3,4.20000029,
,,,90.239994228E-3,3.60000014,
,,,90.279996395E-3,4.00000000,
,,,90.319998562E-3,3.00000000,
,,,90.359993279E-3,3.60000014,
,,,90.399995446E-3,2.4000001,
,,,90.439997613E-3,3.00000000,
,,,90.479999781E-3,2.0000000,
,,,90.519994497E-3,2.4000001,
,,,90.559996665E-3,1.4000000,
,,,90.599998832E-3,2.0000000,
,,,90.639993548E-3,1.2000000,
,,,90.679995716E-3,1.6000000,
,,,90.719997883E-3,1.000000,
,,,90.760000050E-3,1.4000000,
,,,90.799994767E-3,800.000011921E-3,
,,,90.839996934E-3,1.2000000,
,,,90.879999101E-3,800.000011921E-3,
,,,90.919993818E-3,1.000000,
,,,90.959995985E-3,600.000023842E-3,
,,,90.999998152E-3,1.000000,
,,,91.040000319E-3,600.000023842E-3,
,,,91.079995036E-3,800.000011921E-3,
,,,91.119997203E-3,600.000023842E-3,
,,,91.159999371E-3,800.000011921E-3,
,,,91.199994087E-3,400.00000596E-3,
,,,91.239996254E-3,800.000011921E-3,
,,,91.279998422E-3,600.000023842E-3,
,,,91.320000589E-3,800.000011921E-3,
,,,91.359995306E-3,600.000023842E-3,
,,,91.399997473E-3,800.000011921E-3,
,,,91.439999640E-3,600.000023842E-3,
,,,91.479994357E-3,800.000011921E-3,
,,,91.519996524E-3,600.000023842E-3,
,,,91.559998691E-3,800.000011921E-3,
,,,91.599993408E-3,600.000023842E-3,
,,,91.639995575E-3,800.000011921E-3,
,,,91.679997742E-3,600.000023842E-3,
,,,91.719999909E-3,800.000011921E-3,
,,,91.759994626E-3,600.000023842E-3,
,,,91.799996793E-3,800.000011921E-3,
,,,91.839998960E-3,600.000023842E-3,
,,,91.879993677E-3,800.000011921E-3,
,,,91.919995844E-3,600.000023842E-3,
,,,91.959998012E-3,800.000011921E-3,
,,,92.000000179E-3,600.000023842E-3,
,,,92.039994895E-3,800.000011921E-3,
,,,92.079997063E-3,400.00000596E-3,
,,,92.119999230E-3,800.000011921E-3,
,,,92.159993947E-3,400.00000596E-3,
,,,92.199996114E-3,800.000011921E-3,
,,,92.239998281E-3,400.00000596E-3,
,,,92.280000448E-3,800.000011921E-3,
,,,92.319995165E-3,400.00000596E-3,
,,,92.359997332E-3,600.000023842E-3,
,,,92.399999499E-3,400.00000596E-3,
,,,92.439994216E-3,800.000011921E-3,
,,,92.479996383E-3,400.00000596E-3,
,,,92.519998550E-3,800.000011921E-3,
,,,92.559993267E-3,600.000023842E-3,
,,,92.599995434E-3,800.000011921E-3,
,,,92.639997602E-3,600.000023842E-3,
,,,92.679999769E-3,800.000011921E-3,
,,,92.719994485E-3,400.00000596E-3,
,,,92.759996653E-3,800.000011921E-3,
,,,92.799998820E-3,600.000023842E-3,
,,,92.839993536E-3,800.000011921E-3,
,,,92.879995704E-3,600.000023842E-3,
,,,92.919997871E-3,800.000011921E-3,
,,,92.960000038E-3,600.000023842E-3,
,,,92.999994755E-3,800.000011921E-3,
,,,93.039996922E-3,600.000023842E-3,
,,,93.079999089E-3,800.000011921E-3,
,,,93.119993806E-3,600.000023842E-3,
,,,93.159995973E-3,800.000011921E-3,
