Record Length,2500,Points,-9.800000116E-3,600.000023842E-3,
Sample Interval,19.9999995E-6,s,-9.779999964E-3,800.000011921E-3,
Trigger Point,490.000018190,Samples,-9.759999812E-3,600.000023842E-3,
,,,-9.739999659E-3,800.000011921E-3,
,,,-9.720000438E-3,600.000023842E-3,
,,,-9.700000286E-3,800.000011921E-3,
Source,CH2,,-9.680000134E-3,600.000023842E-3,
Vertical Units,Volts,,-9.659999982E-3,800.000011921E-3,
Vertical Scale,5.00000007,,-9.639999829E-3,400.00000596E-3,
Vertical Offset,0,,-9.619999677E-3,600.000023842E-3,
Horizontal Units,s,,-9.600000456E-3,600.000023842E-3,
Horizontal Scale,4.99999987E-3,,-9.580000304E-3,800.000011921E-3,
Pt Fmt,Y,,-9.560000151E-3,600.000023842E-3,
Yzero,-2.1600000,,-9.539999999E-3,800.000011921E-3,
Probe Atten,10.0000000,,-9.519999847E-3,400.00000596E-3,
,,,-9.499999695E-3,800.000011921E-3,
Note,TDS 2022B - 5:51:13 PM   4/8/2025,,-9.480000474E-3,600.000023842E-3,
,,,-9.460000321E-3,600.000023842E-3,
,,,-9.440000169E-3,400.00000596E-3,
,,,-9.420000017E-3,800.000011921E-3,
,,,-9.399999864E-3,600.000023842E-3,
,,,-9.379999712E-3,800.000011921E-3,
,,,-9.360000491E-3,600.000023842E-3,
,,,-9.340000339E-3,800.000011921E-3,
,,,-9.320000187E-3,600.000023842E-3,
,,,-9.300000034E-3,600.000023842E-3,
,,,-9.279999882E-3,600.000023842E-3,
,,,-9.259999730E-3,800.000011921E-3,
,,,-9.240000509E-3,600.000023842E-3,
,,,-9.220000356E-3,800.000011921E-3,
,,,-9.200000204E-3,600.000023842E-3,
,,,-9.180000052E-3,800.000011921E-3,
,,,-9.159999900E-3,600.000023842E-3,
,,,-9.139999747E-3,800.000011921E-3,
,,,-9.120000526E-3,600.000023842E-3,
,,,-9.100000374E-3,800.000011921E-3,
,,,-9.080000222E-3,400.00000596E-3,
,,,-9.060000069E-3,600.000023842E-3,
,,,-9.039999917E-3,600.000023842E-3,
,,,-9.019999765E-3,800.000011921E-3,
,,,-9.000000544E-3,600.000023842E-3,
,,,-8.980000392E-3,800.000011921E-3,
,,,-8.960000239E-3,600.000023842E-3,
,,,-8.940000087E-3,600.000023842E-3,
,,,-8.919999935E-3,600.000023842E-3,
,,,-8.899999782E-3,800.000011921E-3,
,,,-8.880000561E-3,600.000023842E-3,
,,,-8.860000409E-3,800.000011921E-3,
,,,-8.840000257E-3,600.000023842E-3,
,,,-8.820000105E-3,800.000011921E-3,
,,,-8.799999952E-3,600.000023842E-3,
,,,-8.779999800E-3,800.000011921E-3,
,,,-8.760000579E-3,400.00000596E-3,
,,,-8.740000427E-3,800.000011921E-3,
,,,-8.720000274E-3,600.000023842E-3,
,,,-8.700000122E-3,800.000011921E-3,
,,,-8.679999970E-3,600.000023842E-3,
,,,-8.659999818E-3,600.000023842E-3,
,,,-8.640000597E-3,600.000023842E-3,
,,,-8.620000444E-3,800.000011921E-3,
,,,-8.600000292E-3,600.000023842E-3,
,,,-8.580000140E-3,800.000011921E-3,
,,,-8.559999987E-3,600.000023842E-3,
,,,-8.539999835E-3,800.000011921E-3,
,,,-8.519999683E-3,600.000023842E-3,
,,,-8.500000462E-3,800.000011921E-3,
,,,-8.480000310E-3,600.000023842E-3,
,,,-8.460000157E-3,800.000011921E-3,
,,,-8.440000005E-3,600.000023842E-3,
,,,-8.419999853E-3,800.000011921E-3,
,,,-8.399999700E-3,600.000023842E-3,
,,,-8.380000480E-3,800.000011921E-3,
,,,-8.360000327E-3,600.000023842E-3,
,,,-8.340000175E-3,800.000011921E-3,
,,,-8.320000023E-3,400.00000596E-3,
,,,-8.299999870E-3,800.000011921E-3,
,,,-8.279999718E-3,600.000023842E-3,
,,,-8.260000497E-3,600.000023842E-3,
,,,-8.240000345E-3,600.000023842E-3,
,,,-8.220000193E-3,800.000011921E-3,
,,,-8.200000040E-3,400.00000596E-3,
,,,-8.179999888E-3,800.000011921E-3,
,,,-8.159999736E-3,600.000023842E-3,
,,,-8.140000515E-3,800.000011921E-3,
,,,-8.120000362E-3,400.00000596E-3,
,,,-8.100000210E-3,800.000011921E-3,
,,,-8.080000058E-3,600.000023842E-3,
,,,-8.059999906E-3,800.000011921E-3,
,,,-8.039999753E-3,600.000023842E-3,
,,,-8.020000532E-3,800.000011921E-3,
,,,-8.000000380E-3,600.000023842E-3,
,,,-7.980000228E-3,800.000011921E-3,
,,,-7.960000075E-3,600.000023842E-3,
,,,-7.939999923E-3,800.000011921E-3,
,,,-7.919999771E-3,400.00000596E-3,
,,,-7.900000550E-3,800.000011921E-3,
,,,-7.880000398E-3,600.000023842E-3,
,,,-7.860000245E-3,800.000011921E-3,
,,,-7.840000093E-3,400.00000596E-3,
,,,-7.819999941E-3,800.000011921E-3,
,,,-7.800000254E-3,400.00000596E-3,
,,,-7.780000102E-3,800.000011921E-3,
,,,-7.759999949E-3,600.000023842E-3,
,,,-7.740000263E-3,800.000011921E-3,
,,,-7.720000111E-3,400.00000596E-3,
,,,-7.699999958E-3,600.000023842E-3,
,,,-7.680000272E-3,400.00000596E-3,
,,,-7.660000119E-3,600.000023842E-3,
,,,-7.639999967E-3,400.00000596E-3,
,,,-7.620000280E-3,800.000011921E-3,
,,,-7.600000128E-3,600.000023842E-3,
,,,-7.579999976E-3,600.000023842E-3,
,,,-7.560000289E-3,600.000023842E-3,
,,,-7.540000137E-3,600.000023842E-3,
,,,-7.519999985E-3,400.00000596E-3,
,,,-7.500000298E-3,800.000011921E-3,
,,,-7.480000146E-3,600.000023842E-3,
,,,-7.459999993E-3,800.000011921E-3,
,,,-7.440000307E-3,600.000023842E-3,
,,,-7.420000155E-3,800.000011921E-3,
,,,-7.400000002E-3,600.000023842E-3,
,,,-7.38000032E-3,800.000011921E-3,
,,,-7.36000016E-3,400.00000596E-3,
,,,-7.34000001E-3,800.000011921E-3,
,,,-7.32000032E-3,400.00000596E-3,
,,,-7.30000017E-3,600.000023842E-3,
,,,-7.28000002E-3,600.000023842E-3,
,,,-7.26000033E-3,800.000011921E-3,
,,,-7.24000018E-3,600.000023842E-3,
,,,-7.22000003E-3,800.000011921E-3,
,,,-7.20000034E-3,600.000023842E-3,
,,,-7.18000019E-3,800.000011921E-3,
,,,-7.16000004E-3,600.000023842E-3,
,,,-7.14000035E-3,800.000011921E-3,
,,,-7.12000020E-3,600.000023842E-3,
,,,-7.10000005E-3,800.000011921E-3,
,,,-7.08000036E-3,600.000023842E-3,
,,,-7.06000021E-3,800.000011921E-3,
,,,-7.04000005E-3,600.000023842E-3,
,,,-7.02000037E-3,800.000011921E-3,
,,,-7.00000022E-3,400.00000596E-3,
,,,-6.98000006E-3,600.000023842E-3,
,,,-6.96000038E-3,400.00000596E-3,
,,,-6.94000022E-3,800.000011921E-3,
,,,-6.92000007E-3,600.000023842E-3,
,,,-6.90000039E-3,800.000011921E-3,
,,,-6.88000023E-3,400.00000596E-3,
,,,-6.86000008E-3,600.000023842E-3,
,,,-6.84000039E-3,400.00000596E-3,
,,,-6.82000024E-3,800.000011921E-3,
,,,-6.80000009E-3,400.00000596E-3,
,,,-6.78000040E-3,800.000011921E-3,
,,,-6.76000025E-3,400.00000596E-3,
,,,-6.74000010E-3,800.000011921E-3,
,,,-6.72000041E-3,600.000023842E-3,
,,,-6.70000026E-3,800.000011921E-3,
,,,-6.68000011E-3,400.00000596E-3,
,,,-6.66000042E-3,800.000011921E-3,
,,,-6.64000027E-3,600.000023842E-3,
,,,-6.62000012E-3,800.000011921E-3,
,,,-6.59999996E-3,600.000023842E-3,
,,,-6.58000028E-3,800.000011921E-3,
,,,-6.56000013E-3,600.000023842E-3,
,,,-6.53999997E-3,800.000011921E-3,
,,,-6.52000029E-3,600.000023842E-3,
,,,-6.50000013E-3,800.000011921E-3,
,,,-6.47999998E-3,600.000023842E-3,
,,,-6.46000030E-3,600.000023842E-3,
,,,-6.44000014E-3,600.000023842E-3,
,,,-6.41999999E-3,800.000011921E-3,
,,,-6.40000030E-3,600.000023842E-3,
,,,-6.38000015E-3,800.000011921E-3,
,,,-6.36000000E-3,600.000023842E-3,
,,,-6.34000031E-3,800.000011921E-3,
,,,-6.32000016E-3,600.000023842E-3,
,,,-6.30000001E-3,800.000011921E-3,
,,,-6.28000032E-3,600.000023842E-3,
,,,-6.26000017E-3,800.000011921E-3,
,,,-6.24000002E-3,600.000023842E-3,
,,,-6.22000033E-3,800.000011921E-3,
,,,-6.20000018E-3,600.000023842E-3,
,,,-6.18000003E-3,600.000023842E-3,
,,,-6.16000034E-3,600.000023842E-3,
,,,-6.14000019E-3,800.000011921E-3,
,,,-6.12000003E-3,400.00000596E-3,
,,,-6.10000035E-3,800.000011921E-3,
,,,-6.08000020E-3,600.000023842E-3,
,,,-6.06000004E-3,800.000011921E-3,
,,,-6.04000036E-3,600.000023842E-3,
,,,-6.02000020E-3,800.000011921E-3,
,,,-6.00000005E-3,600.000023842E-3,
,,,-5.98000037E-3,600.000023842E-3,
,,,-5.96000021E-3,600.000023842E-3,
,,,-5.94000006E-3,800.000011921E-3,
,,,-5.92000037E-3,400.00000596E-3,
,,,-5.90000022E-3,800.000011921E-3,
,,,-5.88000007E-3,600.000023842E-3,
,,,-5.86000038E-3,600.000023842E-3,
,,,-5.84000023E-3,400.00000596E-3,
,,,-5.82000008E-3,600.000023842E-3,
,,,-5.80000039E-3,400.00000596E-3,
,,,-5.78000024E-3,600.000023842E-3,
,,,-5.76000009E-3,600.000023842E-3,
,,,-5.74000040E-3,800.000011921E-3,
,,,-5.72000025E-3,600.000023842E-3,
,,,-5.70000010E-3,800.000011921E-3,
,,,-5.68000041E-3,600.000023842E-3,
,,,-5.66000026E-3,800.000011921E-3,
,,,-5.64000010E-3,600.000023842E-3,
,,,-5.62000042E-3,600.000023842E-3,
,,,-5.60000027E-3,600.000023842E-3,
,,,-5.58000011E-3,800.000011921E-3,
,,,-5.56000043E-3,400.00000596E-3,
,,,-5.54000027E-3,800.000011921E-3,
,,,-5.52000012E-3,400.00000596E-3,
,,,-5.50000044E-3,800.000011921E-3,
,,,-5.48000028E-3,600.000023842E-3,
,,,-5.46000013E-3,800.000011921E-3,
,,,-5.44000044E-3,400.00000596E-3,
,,,-5.42000029E-3,800.000011921E-3,
,,,-5.40000014E-3,600.000023842E-3,
,,,-5.38000045E-3,800.000011921E-3,
,,,-5.36000030E-3,400.00000596E-3,
,,,-5.34000015E-3,800.000011921E-3,
,,,-5.32000046E-3,600.000023842E-3,
,,,-5.30000031E-3,800.000011921E-3,
,,,-5.28000016E-3,600.000023842E-3,
,,,-5.26000001E-3,800.000011921E-3,
,,,-5.24000032E-3,600.000023842E-3,
,,,-5.22000017E-3,800.000011921E-3,
,,,-5.20000001E-3,600.000023842E-3,
,,,-5.18000033E-3,800.000011921E-3,
,,,-5.16000018E-3,600.000023842E-3,
,,,-5.14000002E-3,800.000011921E-3,
,,,-5.12000034E-3,400.00000596E-3,
,,,-5.10000018E-3,600.000023842E-3,
,,,-5.08000003E-3,400.00000596E-3,
,,,-5.06000035E-3,800.000011921E-3,
,,,-5.04000019E-3,400.00000596E-3,
,,,-5.02000004E-3,800.000011921E-3,
,,,-5.00000035E-3,400.00000596E-3,
,,,-4.98000020E-3,800.000011921E-3,
,,,-4.96000005E-3,400.00000596E-3,
,,,-4.94000036E-3,600.000023842E-3,
,,,-4.92000021E-3,600.000023842E-3,
,,,-4.90000006E-3,800.000011921E-3,
,,,-4.88000037E-3,600.000023842E-3,
,,,-4.86000022E-3,800.000011921E-3,
,,,-4.84000007E-3,400.00000596E-3,
,,,-4.82000038E-3,600.000023842E-3,
,,,-4.80000023E-3,600.000023842E-3,
,,,-4.78000008E-3,800.000011921E-3,
,,,-4.76000039E-3,600.000023842E-3,
,,,-4.74000024E-3,800.000011921E-3,
,,,-4.72000008E-3,600.000023842E-3,
,,,-4.70000040E-3,800.000011921E-3,
,,,-4.68000025E-3,600.000023842E-3,
,,,-4.66000009E-3,800.000011921E-3,
,,,-4.64000041E-3,400.00000596E-3,
,,,-4.62000025E-3,600.000023842E-3,
,,,-4.60000010E-3,400.00000596E-3,
,,,-4.58000042E-3,600.000023842E-3,
,,,-4.56000026E-3,400.00000596E-3,
,,,-4.54000011E-3,800.000011921E-3,
,,,-4.52000042E-3,600.000023842E-3,
,,,-4.50000027E-3,800.000011921E-3,
,,,-4.48000012E-3,600.000023842E-3,
,,,-4.46000043E-3,600.000023842E-3,
,,,-4.44000028E-3,400.00000596E-3,
,,,-4.42000013E-3,600.000023842E-3,
,,,-4.40000044E-3,400.00000596E-3,
,,,-4.38000029E-3,800.000011921E-3,
,,,-4.36000014E-3,600.000023842E-3,
,,,-4.34000045E-3,800.000011921E-3,
,,,-4.32000030E-3,600.000023842E-3,
,,,-4.30000015E-3,600.000023842E-3,
,,,-4.28000046E-3,600.000023842E-3,
,,,-4.26000031E-3,800.000011921E-3,
,,,-4.24000015E-3,400.00000596E-3,
,,,-4.22000047E-3,800.000011921E-3,
,,,-4.20000032E-3,600.000023842E-3,
,,,-4.18000016E-3,800.000011921E-3,
,,,-4.16000048E-3,400.00000596E-3,
,,,-4.14000032E-3,800.000011921E-3,
,,,-4.12000017E-3,600.000023842E-3,
,,,-4.10000049E-3,600.000023842E-3,
,,,-4.08000033E-3,600.000023842E-3,
,,,-4.06000018E-3,800.000011921E-3,
,,,-4.04000003E-3,600.000023842E-3,
,,,-4.02000034E-3,800.000011921E-3,
,,,-4.00000019E-3,600.000023842E-3,
,,,-3.98000004E-3,800.000011921E-3,
,,,-3.96000035E-3,600.000023842E-3,
,,,-3.94000020E-3,800.000011921E-3,
,,,-3.92000005E-3,600.000023842E-3,
,,,-3.90000036E-3,800.000011921E-3,
,,,-3.88000021E-3,600.000023842E-3,
,,,-3.86000029E-3,800.000011921E-3,
,,,-3.84000037E-3,400.00000596E-3,
,,,-3.82000022E-3,800.000011921E-3,
,,,-3.80000030E-3,600.000023842E-3,
,,,-3.78000038E-3,800.000011921E-3,
,,,-3.76000023E-3,400.00000596E-3,
,,,-3.74000031E-3,800.000011921E-3,
,,,-3.72000039E-3,600.000023842E-3,
,,,-3.70000023E-3,600.000023842E-3,
,,,-3.68000031E-3,400.00000596E-3,
,,,-3.66000016E-3,800.000011921E-3,
,,,-3.64000024E-3,400.00000596E-3,
,,,-3.62000032E-3,600.000023842E-3,
,,,-3.60000017E-3,600.000023842E-3,
,,,-3.58000025E-3,600.000023842E-3,
,,,-3.56000033E-3,400.00000596E-3,
,,,-3.54000018E-3,800.000011921E-3,
,,,-3.52000026E-3,400.00000596E-3,
,,,-3.50000034E-3,800.000011921E-3,
,,,-3.48000019E-3,600.000023842E-3,
,,,-3.46000027E-3,800.000011921E-3,
,,,-3.44000035E-3,400.00000596E-3,
,,,-3.42000020E-3,800.000011921E-3,
,,,-3.40000028E-3,600.000023842E-3,
,,,-3.38000036E-3,800.000011921E-3,
,,,-3.36000021E-3,400.00000596E-3,
,,,-3.34000029E-3,800.000011921E-3,
,,,-3.32000037E-3,600.000023842E-3,
,,,-3.30000021E-3,600.000023842E-3,
,,,-3.28000030E-3,600.000023842E-3,
,,,-3.26000038E-3,800.000011921E-3,
,,,-3.24000022E-3,600.000023842E-3,
,,,-3.22000030E-3,600.000023842E-3,
,,,-3.20000038E-3,400.00000596E-3,
,,,-3.18000023E-3,800.000011921E-3,
,,,-3.16000031E-3,400.00000596E-3,
,,,-3.14000039E-3,600.000023842E-3,
,,,-3.12000024E-3,600.000023842E-3,
,,,-3.10000032E-3,800.000011921E-3,
,,,-3.08000017E-3,600.000023842E-3,
,,,-3.06000025E-3,800.000011921E-3,
,,,-3.04000033E-3,600.000023842E-3,
,,,-3.02000018E-3,800.000011921E-3,
,,,-3.00000026E-3,400.00000596E-3,
,,,-2.98000034E-3,800.000011921E-3,
,,,-2.96000019E-3,600.000023842E-3,
,,,-2.94000027E-3,800.000011921E-3,
,,,-2.92000035E-3,600.000023842E-3,
,,,-2.90000020E-3,600.000023842E-3,
,,,-2.88000028E-3,600.000023842E-3,
,,,-2.86000036E-3,800.000011921E-3,
,,,-2.84000020E-3,600.000023842E-3,
,,,-2.82000029E-3,800.000011921E-3,
,,,-2.80000037E-3,400.00000596E-3,
,,,-2.78000021E-3,600.000023842E-3,
,,,-2.76000029E-3,400.00000596E-3,
,,,-2.74000037E-3,800.000011921E-3,
,,,-2.72000022E-3,600.000023842E-3,
,,,-2.7000003E-3,800.000011921E-3,
,,,-2.6800004E-3,600.000023842E-3,
,,,-2.6600002E-3,600.000023842E-3,
,,,-2.6400003E-3,400.00000596E-3,
,,,-2.6200004E-3,800.000011921E-3,
,,,-2.6000002E-3,600.000023842E-3,
,,,-2.5800003E-3,800.000011921E-3,
,,,-2.5600004E-3,400.00000596E-3,
,,,-2.5400002E-3,800.000011921E-3,
,,,-2.5200003E-3,600.000023842E-3,
,,,-2.5000004E-3,800.000011921E-3,
,,,-2.4800003E-3,600.000023842E-3,
,,,-2.4600003E-3,800.000011921E-3,
,,,-2.4400004E-3,600.000023842E-3,
,,,-2.4200003E-3,600.000023842E-3,
,,,-2.4000003E-3,600.000023842E-3,
,,,-2.3800002E-3,800.000011921E-3,
,,,-2.3600003E-3,600.000023842E-3,
,,,-2.3400004E-3,800.000011921E-3,
,,,-2.3200002E-3,400.00000596E-3,
,,,-2.3000003E-3,800.000011921E-3,
,,,-2.2800004E-3,600.000023842E-3,
,,,-2.2600002E-3,800.000011921E-3,
,,,-2.2400003E-3,600.000023842E-3,
,,,-2.2200004E-3,800.000011921E-3,
,,,-2.2000002E-3,600.000023842E-3,
,,,-2.1800003E-3,800.000011921E-3,
,,,-2.1600004E-3,400.00000596E-3,
,,,-2.1400002E-3,800.000011921E-3,
,,,-2.1200003E-3,600.000023842E-3,
,,,-2.1000004E-3,800.000011921E-3,
,,,-2.0800002E-3,600.000023842E-3,
,,,-2.0600003E-3,800.000011921E-3,
,,,-2.0400004E-3,600.000023842E-3,
,,,-2.0200002E-3,800.000011921E-3,
,,,-2.0000003E-3,600.000023842E-3,
,,,-1.9800004E-3,800.000011921E-3,
,,,-1.9600003E-3,600.000023842E-3,
,,,-1.9400003E-3,800.000011921E-3,
,,,-1.9200003E-3,400.00000596E-3,
,,,-1.9000003E-3,600.000023842E-3,
,,,-1.8800003E-3,400.00000596E-3,
,,,-1.8600003E-3,800.000011921E-3,
,,,-1.8400003E-3,400.00000596E-3,
,,,-1.8200004E-3,800.000011921E-3,
,,,-1.8000003E-3,600.000023842E-3,
,,,-1.7800003E-3,800.000011921E-3,
,,,-1.7600004E-3,600.000023842E-3,
,,,-1.7400003E-3,800.000011921E-3,
,,,-1.7200003E-3,600.000023842E-3,
,,,-1.7000004E-3,600.000023842E-3,
,,,-1.6800003E-3,600.000023842E-3,
,,,-1.6600003E-3,800.000011921E-3,
,,,-1.6400004E-3,600.000023842E-3,
,,,-1.6200003E-3,800.000011921E-3,
,,,-1.6000003E-3,400.00000596E-3,
,,,-1.5800003E-3,800.000011921E-3,
,,,-1.5600004E-3,600.000023842E-3,
,,,-1.5400003E-3,800.000011921E-3,
,,,-1.5200003E-3,600.000023842E-3,
,,,-1.5000004E-3,800.000011921E-3,
,,,-1.4800003E-3,600.000023842E-3,
,,,-1.4600003E-3,800.000011921E-3,
,,,-1.4400004E-3,600.000023842E-3,
,,,-1.4200003E-3,800.000011921E-3,
,,,-1.4000003E-3,600.000023842E-3,
,,,-1.3800004E-3,800.000011921E-3,
,,,-1.3600003E-3,600.000023842E-3,
,,,-1.3400003E-3,1.000000,
,,,-1.3200003E-3,600.000023842E-3,
,,,-1.3000004E-3,800.000011921E-3,
,,,-1.2800003E-3,600.000023842E-3,
,,,-1.2600003E-3,800.000011921E-3,
,,,-1.2400004E-3,600.000023842E-3,
,,,-1.2200003E-3,800.000011921E-3,
,,,-1.2000003E-3,400.00000596E-3,
,,,-1.1800004E-3,800.000011921E-3,
,,,-1.1600003E-3,400.00000596E-3,
,,,-1.1400003E-3,800.000011921E-3,
,,,-1.1200004E-3,600.000023842E-3,
,,,-1.1000003E-3,800.000011921E-3,
,,,-1.0800003E-3,600.000023842E-3,
,,,-1.0600004E-3,800.000011921E-3,
,,,-1.0400004E-3,400.00000596E-3,
,,,-1.0200003E-3,600.000023842E-3,
,,,-1.0000004E-3,600.000023842E-3,
,,,-980.000360869E-6,800.000011921E-3,
,,,-960.000324994E-6,400.00000596E-3,
,,,-940.000347327E-6,600.000023842E-3,
,,,-920.000369661E-6,600.000023842E-3,
,,,-900.000333786E-6,800.000011921E-3,
,,,-880.000356119E-6,400.00000596E-3,
,,,-860.000320245E-6,800.000011921E-3,
,,,-840.000342578E-6,400.00000596E-3,
,,,-820.000364911E-6,800.000011921E-3,
,,,-800.000329036E-6,600.000023842E-3,
,,,-780.000351369E-6,800.000011921E-3,
,,,-760.000315495E-6,400.00000596E-3,
,,,-740.000337828E-6,600.000023842E-3,
,,,-720.000360161E-6,600.000023842E-3,
,,,-700.000324287E-6,800.000011921E-3,
,,,-680.000346620E-6,600.000023842E-3,
,,,-660.000368953E-6,800.000011921E-3,
,,,-640.000333078E-6,400.00000596E-3,
,,,-620.000355411E-6,800.000011921E-3,
,,,-600.000377744E-6,400.00000596E-3,
,,,-580.000341870E-6,800.000011921E-3,
,,,-560.000364203E-6,600.000023842E-3,
,,,-540.000328328E-6,800.000011921E-3,
,,,-520.000350662E-6,600.000023842E-3,
,,,-500.000372995E-6,800.000011921E-3,
,,,-480.000337120E-6,600.000023842E-3,
,,,-460.000359453E-6,800.000011921E-3,
,,,-440.000352683E-6,600.000023842E-3,
,,,-420.000345912E-6,600.000023842E-3,
,,,-400.00036824E-6,600.000023842E-3,
,,,-380.00036147E-6,800.000011921E-3,
,,,-360.00035470E-6,600.000023842E-3,
,,,-340.00034793E-6,800.000011921E-3,
,,,-320.00034116E-6,600.000023842E-3,
,,,-300.00036350E-6,800.000011921E-3,
,,,-280.00035672E-6,600.000023842E-3,
,,,-260.00034995E-6,800.000011921E-3,
,,,-240.00035773E-6,600.000023842E-3,
,,,-220.00036552E-6,800.000011921E-3,
,,,-200.00035875E-6,600.000023842E-3,
,,,-180.00035197E-6,800.000011921E-3,
,,,-160.00035976E-6,600.000023842E-3,
,,,-140.0003675E-6,800.000011921E-3,
,,,-120.0003608E-6,400.00000596E-3,
,,,-100.0003613E-6,800.000011921E-3,
,,,-80.000361777E-6,400.00000596E-3,
,,,-60.000362282E-6,800.000011921E-3,
,,,-40.00036279E-6,400.00000596E-3,
,,,-20.0003633E-6,800.000011921E-3,
,,,-363.79787922E-12,600.000023842E-3,
,,,19.9996357E-6,5.80000019,
,,,39.99963519E-6,6.59999990,
,,,59.999634686E-6,10.1999998,
,,,79.999634181E-6,10.6000004,
,,,99.999633676E-6,12.6000004,
,,,119.9996332E-6,12.8000002,
,,,139.9996399E-6,13.8000002,
,,,159.99963216E-6,14.0000000,
,,,179.99962438E-6,14.4000006,
,,,199.99963115E-6,14.1999998,
,,,219.99963792E-6,14.6000004,
,,,239.99963014E-6,13.8000002,
,,,259.99962236E-6,14.4000006,
,,,279.99962913E-6,13.1999998,
,,,299.99963590E-6,13.8000002,
,,,319.99964267E-6,12.1999998,
,,,339.99962034E-6,13.0000000,
,,,359.99962711E-6,11.4000006,
,,,379.99963388E-6,12.1999998,
,,,399.99961155E-6,10.0000000,
,,,419.999618316E-6,11.1999998,
,,,439.999625087E-6,8.800000191,
,,,459.999631857E-6,10.0000000,
,,,479.999638628E-6,8.199999809,
,,,499.999616295E-6,8.800000191,
,,,519.999652170E-6,7.00000000,
,,,539.999629837E-6,7.800000191,
,,,559.999607503E-6,6.00000000,
,,,579.999643378E-6,6.80000019,
,,,599.999621045E-6,5.20000029,
,,,619.999598712E-6,6.00000000,
,,,639.999634586E-6,4.40000010,
,,,659.999612253E-6,5.20000029,
,,,679.999589920E-6,3.60000014,
,,,699.999625795E-6,4.40000010,
,,,719.999603461E-6,3.00000000,
,,,739.999639336E-6,3.60000014,
,,,759.999617003E-6,2.6000001,
,,,779.999594670E-6,3.00000000,
,,,799.999630544E-6,2.0000000,
,,,819.999608211E-6,2.4000001,
,,,839.999644086E-6,1.6000000,
,,,859.999621753E-6,2.0000000,
,,,879.999599420E-6,1.2000000,
,,,899.999635294E-6,1.8000001,
,,,919.999612961E-6,1.000000,
,,,939.999590628E-6,1.4000000,
,,,959.999626502E-6,1.000000,
,,,979.999662377E-6,1.4000000,
,,,999.999581836E-6,1.2000000,
,,,1.0199996E-3,1.4000000,
,,,1.0399997E-3,1.4000000,
,,,1.0599996E-3,1.6000000,
,,,1.0799996E-3,1.6000000,
,,,1.0999996E-3,2.0000000,
,,,1.1199996E-3,2.0000000,
,,,1.1399996E-3,2.2000000,
,,,1.1599996E-3,2.2000000,
,,,1.1799996E-3,2.79999995,
,,,1.1999996E-3,2.79999995,
,,,1.2199996E-3,3.20000005,
,,,1.2399997E-3,3.40000010,
,,,1.2599996E-3,4.00000000,
,,,1.2799996E-3,4.00000000,
,,,1.2999997E-3,4.80000019,
,,,1.3199996E-3,4.80000019,
,,,1.3399996E-3,5.59999990,
,,,1.3599996E-3,5.59999990,
,,,1.3799996E-3,6.40000010,
,,,1.3999996E-3,6.40000010,
,,,1.4199996E-3,7.20000029,
,,,1.4399996E-3,7.599999905,
,,,1.4599996E-3,8.400000572,
,,,1.4799996E-3,8.600000381,
,,,1.4999995E-3,9.600000381,
,,,1.5199996E-3,9.600000381,
,,,1.5399996E-3,10.8000002,
,,,1.5599995E-3,11.0000000,
,,,1.5799996E-3,11.8000002,
,,,1.5999996E-3,12.0000000,
,,,1.6199996E-3,13.0000000,
,,,1.6399996E-3,13.1999998,
,,,1.6599996E-3,14.0000000,
,,,1.6799996E-3,14.1999998,
,,,1.6999996E-3,15.0000000,
,,,1.7199996E-3,15.0000000,
,,,1.7399996E-3,15.6000004,
,,,1.7599995E-3,15.8000002,
,,,1.7799996E-3,16.3999996,
,,,1.7999996E-3,16.6000004,
,,,1.8199995E-3,16.8000011,
,,,1.8399996E-3,16.8000011,
,,,1.8599996E-3,17.0000000,
,,,1.8799996E-3,16.8000011,
,,,1.8999996E-3,17.0000000,
,,,1.9199996E-3,16.3999996,
,,,1.9399996E-3,16.8000011,
,,,1.9599996E-3,16.0000000,
,,,1.9799995E-3,16.6000004,
,,,1.9999996E-3,15.1999998,
,,,2.0199995E-3,15.8000002,
,,,2.0399997E-3,14.4000006,
,,,2.0599996E-3,15.1999998,
,,,2.0799995E-3,13.4000006,
,,,2.0999997E-3,14.1999998,
,,,2.1199996E-3,12.1999998,
,,,2.1399995E-3,13.1999998,
,,,2.1599997E-3,11.1999998,
,,,2.1799996E-3,12.1999998,
,,,2.1999995E-3,10.0000000,
,,,2.2199997E-3,11.0000000,
,,,2.2399996E-3,8.800000191,
,,,2.2599995E-3,9.800000191,
,,,2.2799997E-3,7.800000191,
,,,2.2999996E-3,8.600000381,
,,,2.3199995E-3,6.80000019,
,,,2.3399997E-3,7.599999905,
,,,2.3599996E-3,5.80000019,
,,,2.3799995E-3,6.59999990,
,,,2.3999996E-3,5.00000000,
,,,2.4199996E-3,5.59999990,
,,,2.4399995E-3,4.40000010,
,,,2.4599996E-3,5.00000000,
,,,2.4799996E-3,3.60000014,
,,,2.4999995E-3,4.20000029,
,,,2.5199996E-3,3.00000000,
,,,2.5399996E-3,3.40000010,
,,,2.5599995E-3,2.4000001,
,,,2.5799996E-3,3.00000000,
,,,2.5999995E-3,1.8000001,
,,,2.6199995E-3,2.4000001,
,,,2.6399996E-3,1.6000000,
,,,2.6599995E-3,2.0000000,
,,,2.6799995E-3,1.2000000,
,,,2.6999996E-3,1.6000000,
,,,2.71999952E-3,1.000000,
,,,2.73999968E-3,1.4000000,
,,,2.75999960E-3,1.000000,
,,,2.77999952E-3,1.4000000,
,,,2.79999967E-3,1.000000,
,,,2.81999959E-3,1.4000000,
,,,2.83999951E-3,1.2000000,
,,,2.85999966E-3,1.4000000,
,,,2.87999958E-3,1.4000000,
,,,2.89999950E-3,1.6000000,
,,,2.91999965E-3,1.6000000,
,,,2.93999957E-3,2.0000000,
,,,2.95999949E-3,2.0000000,
,,,2.97999964E-3,2.4000001,
,,,2.99999956E-3,2.6000001,
,,,3.01999948E-3,3.00000000,
,,,3.03999963E-3,3.20000005,
,,,3.05999955E-3,3.79999995,
,,,3.07999947E-3,3.79999995,
,,,3.09999962E-3,4.40000010,
,,,3.11999954E-3,4.59999990,
,,,3.13999946E-3,5.20000029,
,,,3.15999961E-3,5.40000010,
,,,3.17999953E-3,6.20000029,
,,,3.19999945E-3,6.20000029,
,,,3.21999961E-3,7.00000000,
,,,3.23999953E-3,7.20000029,
,,,3.25999944E-3,8.199999809,
,,,3.27999960E-3,8.199999809,
,,,3.29999952E-3,9.199999809,
,,,3.31999967E-3,9.400000572,
,,,3.33999959E-3,10.4000006,
,,,3.35999951E-3,10.6000004,
,,,3.37999966E-3,11.4000006,
,,,3.39999958E-3,11.6000004,
,,,3.41999950E-3,12.6000004,
,,,3.43999965E-3,12.6000004,
,,,3.45999957E-3,13.6000004,
,,,3.47999949E-3,13.6000004,
,,,3.49999964E-3,14.4000006,
,,,3.51999956E-3,14.4000006,
,,,3.53999948E-3,15.1999998,
,,,3.55999963E-3,15.4000006,
,,,3.57999955E-3,15.8000002,
,,,3.59999947E-3,16.0000000,
,,,3.61999962E-3,16.3999996,
,,,3.63999954E-3,16.2000008,
,,,3.65999946E-3,16.3999996,
,,,3.67999962E-3,16.2000008,
,,,3.69999954E-3,16.3999996,
,,,3.71999945E-3,16.0000000,
,,,3.73999961E-3,16.2000008,
,,,3.75999953E-3,15.1999998,
,,,3.77999945E-3,15.8000002,
,,,3.79999960E-3,14.4000006,
,,,3.81999952E-3,15.1999998,
,,,3.83999944E-3,14.0000000,
,,,3.85999959E-3,14.4000006,
,,,3.87999951E-3,12.8000002,
,,,3.89999943E-3,13.6000004,
,,,3.91999958E-3,11.6000004,
,,,3.93999973E-3,12.6000004,
,,,3.95999942E-3,10.8000002,
,,,3.97999957E-3,11.6000004,
,,,3.99999972E-3,9.400000572,
,,,4.01999941E-3,10.6000004,
,,,4.03999956E-3,8.400000572,
,,,4.05999972E-3,9.600000381,
,,,4.07999940E-3,7.599999905,
,,,4.09999955E-3,8.400000572,
,,,4.11999971E-3,6.59999990,
,,,4.13999939E-3,7.400000095,
,,,4.15999955E-3,5.59999990,
,,,4.17999970E-3,6.40000010,
,,,4.19999938E-3,4.80000019,
,,,4.21999954E-3,5.59999990,
,,,4.23999969E-3,4.20000029,
,,,4.25999938E-3,4.59999990,
,,,4.27999953E-3,3.40000010,
,,,4.29999968E-3,4.00000000,
,,,4.31999937E-3,3.00000000,
,,,4.33999952E-3,3.40000010,
,,,4.35999967E-3,2.4000001,
,,,4.37999936E-3,2.79999995,
,,,4.39999951E-3,2.0000000,
,,,4.41999966E-3,2.4000001,
,,,4.43999935E-3,1.6000000,
,,,4.45999950E-3,2.0000000,
,,,4.47999965E-3,1.000000,
,,,4.49999934E-3,1.8000001,
,,,4.51999949E-3,1.2000000,
,,,4.53999965E-3,1.4000000,
,,,4.55999933E-3,1.2000000,
,,,4.57999948E-3,1.4000000,
,,,4.59999964E-3,1.4000000,
,,,4.61999932E-3,1.6000000,
,,,4.63999948E-3,1.4000000,
,,,4.65999963E-3,1.8000001,
,,,4.67999931E-3,1.6000000,
,,,4.69999947E-3,2.0000000,
,,,4.71999962E-3,2.0000000,
,,,4.73999931E-3,2.4000001,
,,,4.75999946E-3,2.4000001,
,,,4.77999961E-3,2.79999995,
,,,4.79999930E-3,2.79999995,
,,,4.81999945E-3,3.20000005,
,,,4.83999960E-3,3.20000005,
,,,4.85999929E-3,3.79999995,
,,,4.87999944E-3,4.00000000,
,,,4.89999959E-3,4.59999990,
,,,4.91999928E-3,4.59999990,
,,,4.93999943E-3,5.00000000,
,,,4.95999958E-3,5.20000029,
,,,4.97999974E-3,5.80000019,
,,,4.99999942E-3,6.00000000,
,,,5.01999957E-3,6.80000019,
,,,5.03999973E-3,7.00000000,
,,,5.05999941E-3,7.800000191,
,,,5.07999957E-3,7.800000191,
,,,5.09999972E-3,8.600000381,
,,,5.11999940E-3,9.000000000,
,,,5.13999956E-3,9.800000191,
,,,5.15999971E-3,10.0000000,
,,,5.17999940E-3,11.0000000,
,,,5.19999955E-3,11.1999998,
,,,5.21999970E-3,12.1999998,
,,,5.23999939E-3,12.0000000,
,,,5.25999954E-3,13.0000000,
,,,5.27999969E-3,13.1999998,
,,,5.29999938E-3,13.8000002,
,,,5.31999953E-3,14.0000000,
,,,5.33999968E-3,14.6000004,
,,,5.35999937E-3,14.6000004,
,,,5.37999952E-3,15.1999998,
,,,5.39999967E-3,15.4000006,
,,,5.41999936E-3,15.8000002,
,,,5.43999951E-3,15.6000004,
,,,5.45999967E-3,15.8000002,
,,,5.47999935E-3,15.4000006,
,,,5.49999950E-3,15.8000002,
,,,5.51999966E-3,15.4000006,
,,,5.53999934E-3,15.6000004,
,,,5.55999950E-3,14.8000002,
,,,5.57999965E-3,15.1999998,
,,,5.59999933E-3,14.0000000,
,,,5.61999949E-3,14.6000004,
,,,5.63999964E-3,13.1999998,
,,,5.65999933E-3,14.0000000,
,,,5.67999948E-3,12.1999998,
,,,5.69999963E-3,13.0000000,
,,,5.71999932E-3,11.4000006,
,,,5.73999947E-3,12.1999998,
,,,5.75999962E-3,10.0000000,
,,,5.77999931E-3,11.0000000,
,,,5.79999946E-3,9.000000000,
,,,5.81999961E-3,10.0000000,
,,,5.83999930E-3,8.199999809,
,,,5.85999945E-3,9.000000000,
,,,5.87999960E-3,7.20000029,
,,,5.89999929E-3,8.000000000,
,,,5.91999944E-3,6.20000029,
,,,5.93999960E-3,7.00000000,
,,,5.95999928E-3,5.20000029,
,,,5.97999943E-3,6.00000000,
,,,5.99999959E-3,4.59999990,
,,,6.01999927E-3,5.20000029,
,,,6.03999943E-3,4.00000000,
,,,6.05999958E-3,4.40000010,
,,,6.07999926E-3,3.20000005,
,,,6.09999942E-3,3.79999995,
,,,6.11999957E-3,2.6000001,
,,,6.13999926E-3,3.00000000,
,,,6.15999941E-3,2.2000000,
,,,6.17999956E-3,2.6000001,
,,,6.19999971E-3,1.6000000,
,,,6.21999940E-3,2.0000000,
,,,6.23999955E-3,1.4000000,
,,,6.25999970E-3,1.6000000,
,,,6.27999939E-3,800.000011921E-3,
,,,6.29999954E-3,1.4000000,
,,,6.31999969E-3,1.000000,
,,,6.33999938E-3,1.2000000,
,,,6.35999953E-3,800.000011921E-3,
,,,6.37999969E-3,1.000000,
,,,6.39999937E-3,800.000011921E-3,
,,,6.41999952E-3,1.000000,
,,,6.43999968E-3,1.000000,
,,,6.45999936E-3,1.2000000,
,,,6.47999952E-3,1.2000000,
,,,6.49999967E-3,1.4000000,
,,,6.51999936E-3,1.4000000,
,,,6.53999951E-3,1.8000001,
,,,6.55999966E-3,1.8000001,
,,,6.57999935E-3,2.2000000,
,,,6.59999950E-3,2.2000000,
,,,6.61999965E-3,2.6000001,
,,,6.63999934E-3,2.6000001,
,,,6.65999949E-3,3.20000005,
,,,6.67999964E-3,3.40000010,
,,,6.69999933E-3,4.00000000,
,,,6.71999948E-3,4.00000000,
,,,6.73999963E-3,4.80000019,
,,,6.75999932E-3,4.80000019,
,,,6.77999947E-3,5.59999990,
,,,6.79999962E-3,5.59999990,
,,,6.81999931E-3,6.40000010,
,,,6.83999946E-3,6.59999990,
,,,6.85999962E-3,7.400000095,
,,,6.87999930E-3,7.599999905,
,,,6.89999945E-3,8.400000572,
,,,6.91999961E-3,8.400000572,
,,,6.93999929E-3,9.400000572,
,,,6.95999945E-3,9.600000381,
,,,6.97999960E-3,10.6000004,
,,,6.99999928E-3,10.6000004,
,,,7.01999944E-3,11.6000004,
,,,7.03999959E-3,11.6000004,
,,,7.05999928E-3,12.4000006,
,,,7.07999943E-3,12.6000004,
,,,7.09999958E-3,13.4000006,
,,,7.11999927E-3,13.4000006,
,,,7.13999942E-3,14.1999998,
,,,7.15999957E-3,14.1999998,
,,,7.17999926E-3,14.6000004,
,,,7.19999941E-3,14.8000002,
,,,7.21999956E-3,15.0000000,
,,,7.23999925E-3,15.0000000,
,,,7.25999940E-3,15.1999998,
,,,7.27999955E-3,15.0000000,
,,,7.29999924E-3,15.1999998,
,,,7.31999939E-3,14.6000004,
,,,7.33999955E-3,15.0000000,
,,,7.35999923E-3,14.1999998,
,,,7.37999938E-3,14.8000002,
,,,7.399999537E-3,13.4000006,
,,,7.419999223E-3,14.0000000,
,,,7.439999375E-3,12.8000002,
,,,7.459999528E-3,13.4000006,
,,,7.479999214E-3,12.0000000,
,,,7.499999367E-3,12.6000004,
,,,7.519999519E-3,10.8000002,
,,,7.539999671E-3,11.6000004,
,,,7.559999358E-3,9.800000191,
,,,7.579999510E-3,10.8000002,
,,,7.599999662E-3,8.800000191,
,,,7.619999349E-3,9.800000191,
,,,7.639999501E-3,8.000000000,
,,,7.659999654E-3,8.600000381,
,,,7.679999340E-3,7.00000000,
,,,7.699999493E-3,7.599999905,
,,,7.719999645E-3,6.20000029,
,,,7.739999332E-3,6.80000019,
,,,7.759999484E-3,5.40000010,
,,,7.779999636E-3,6.00000000,
,,,7.799999323E-3,4.59999990,
,,,7.819999009E-3,5.40000010,
,,,7.839999162E-3,4.20000029,
,,,7.859999314E-3,4.59999990,
,,,7.879999466E-3,3.40000010,
,,,7.899999619E-3,3.79999995,
,,,7.919999771E-3,2.79999995,
,,,7.939998992E-3,3.40000010,
,,,7.959999144E-3,2.4000001,
,,,7.979999296E-3,2.79999995,
,,,7.999999449E-3,2.0000000,
,,,8.019999601E-3,2.4000001,
,,,8.039999753E-3,1.6000000,
,,,8.059998974E-3,2.0000000,
,,,8.079999126E-3,1.2000000,
,,,8.099999279E-3,1.8000001,
,,,8.119999431E-3,1.000000,
,,,8.139999583E-3,1.4000000,
,,,8.159999736E-3,1.4000000,
,,,8.179999888E-3,1.6000000,
,,,8.199999109E-3,1.2000000,
,,,8.219999261E-3,1.6000000,
,,,8.239999413E-3,1.6000000,
,,,8.259999566E-3,1.8000001,
,,,8.279999718E-3,1.8000001,
,,,8.299999870E-3,2.0000000,
,,,8.319999091E-3,2.0000000,
,,,8.339999244E-3,2.4000001,
,,,8.359999396E-3,2.4000001,
,,,8.379999548E-3,2.79999995,
,,,8.399999700E-3,2.79999995,
,,,8.419999853E-3,3.20000005,
,,,8.439999074E-3,3.20000005,
,,,8.459999226E-3,3.79999995,
,,,8.479999378E-3,3.60000014,
,,,8.499999531E-3,4.20000029,
,,,8.519999683E-3,4.40000010,
,,,8.539999835E-3,4.80000019,
,,,8.559999056E-3,5.00000000,
,,,8.579999208E-3,5.59999990,
,,,8.599999361E-3,5.80000019,
,,,8.619999513E-3,6.40000010,
,,,8.639999665E-3,6.40000010,
,,,8.659999818E-3,7.20000029,
,,,8.679999039E-3,7.400000095,
,,,8.699999191E-3,8.199999809,
,,,8.719999343E-3,8.400000572,
,,,8.739999495E-3,9.199999809,
,,,8.759999648E-3,9.600000381,
,,,8.779999800E-3,10.1999998,
,,,8.799999021E-3,10.1999998,
,,,8.819999173E-3,11.1999998,
,,,8.839999326E-3,11.1999998,
,,,8.859999478E-3,12.1999998,
,,,8.879999630E-3,12.4000006,
,,,8.899999782E-3,12.8000002,
,,,8.919999003E-3,13.0000000,
,,,8.939999156E-3,13.6000004,
,,,8.959999308E-3,13.6000004,
,,,8.979999460E-3,14.1999998,
,,,8.999999613E-3,14.1999998,
,,,9.019999765E-3,14.6000004,
,,,9.039998986E-3,14.4000006,
,,,9.059999138E-3,14.6000004,
,,,9.079999290E-3,14.4000006,
,,,9.099999443E-3,14.6000004,
,,,9.119999595E-3,14.1999998,
,,,9.139999747E-3,14.4000006,
,,,9.159998968E-3,13.6000004,
,,,9.179999121E-3,14.1999998,
,,,9.199999273E-3,12.8000002,
,,,9.219999425E-3,13.4000006,
,,,9.239999577E-3,12.4000006,
,,,9.259999730E-3,13.0000000,
,,,9.279998951E-3,11.1999998,
,,,9.299999103E-3,12.1999998,
,,,9.319999255E-3,10.4000006,
,,,9.339999408E-3,11.4000006,
,,,9.359999560E-3,9.400000572,
,,,9.379999712E-3,10.1999998,
,,,9.399998933E-3,8.400000572,
,,,9.419999085E-3,9.400000572,
,,,9.439999238E-3,7.20000029,
,,,9.459999390E-3,8.199999809,
,,,9.479999542E-3,6.40000010,
,,,9.499999695E-3,7.400000095,
,,,9.519999847E-3,5.59999990,
,,,9.539999068E-3,6.40000010,
,,,9.559999220E-3,4.80000019,
,,,9.579999372E-3,5.59999990,
,,,9.599999525E-3,4.40000010,
,,,9.619999677E-3,4.80000019,
,,,9.639999829E-3,3.60000014,
,,,9.659999050E-3,4.00000000,
,,,9.679999202E-3,2.79999995,
,,,9.699999355E-3,3.40000010,
,,,9.719999507E-3,2.2000000,
,,,9.739999659E-3,2.79999995,
,,,9.759999812E-3,1.8000001,
,,,9.779999033E-3,2.4000001,
,,,9.799999185E-3,1.4000000,
,,,9.819999337E-3,1.8000001,
,,,9.839999489E-3,1.2000000,
,,,9.859999642E-3,1.4000000,
,,,9.879999794E-3,800.000011921E-3,
,,,9.899999015E-3,1.2000000,
,,,9.919999167E-3,800.000011921E-3,
,,,9.939999320E-3,1.000000,
,,,9.959999472E-3,800.000011921E-3,
,,,9.979999624E-3,1.000000,
,,,9.999999776E-3,800.000011921E-3,
,,,10.0199990E-3,1.000000,
,,,10.0399991E-3,800.000011921E-3,
,,,10.0599993E-3,1.2000000,
,,,10.0799995E-3,1.2000000,
,,,10.0999996E-3,1.4000000,
,,,10.1199998E-3,1.2000000,
,,,10.1399990E-3,1.6000000,
,,,10.1599991E-3,1.6000000,
,,,10.1799993E-3,2.0000000,
,,,10.1999994E-3,2.2000000,
,,,10.2199996E-3,2.4000001,
,,,10.2399997E-3,2.6000001,
,,,10.2599990E-3,3.20000005,
,,,10.2799991E-3,3.20000005,
,,,10.2999993E-3,3.60000014,
,,,10.3199994E-3,3.79999995,
,,,10.3399996E-3,4.59999990,
,,,10.3599997E-3,4.59999990,
,,,10.3799989E-3,5.00000000,
,,,10.3999991E-3,5.40000010,
,,,10.4199992E-3,6.00000000,
,,,10.4399994E-3,6.20000029,
,,,10.4599996E-3,6.80000019,
,,,10.4799997E-3,7.00000000,
,,,10.4999989E-3,7.800000191,
,,,10.5199991E-3,8.000000000,
,,,10.5399992E-3,8.800000191,
,,,10.5599994E-3,9.000000000,
,,,10.5799995E-3,9.800000191,
,,,10.5999997E-3,9.800000191,
,,,10.6199989E-3,10.8000002,
,,,10.6399991E-3,10.6000004,
,,,10.6599992E-3,11.6000004,
,,,10.6799994E-3,11.8000002,
,,,10.6999995E-3,12.4000006,
,,,10.7199997E-3,12.4000006,
,,,10.7399998E-3,13.1999998,
,,,10.7599990E-3,13.1999998,
,,,10.7799992E-3,13.6000004,
,,,10.7999993E-3,13.6000004,
,,,10.8199995E-3,14.0000000,
,,,10.8399997E-3,14.0000000,
,,,10.8599998E-3,14.1999998,
,,,10.8799990E-3,14.0000000,
,,,10.8999992E-3,14.1999998,
,,,10.9199993E-3,13.8000002,
,,,10.9399995E-3,14.0000000,
,,,10.9599996E-3,13.1999998,
,,,10.9799998E-3,13.6000004,
,,,10.9999990E-3,12.6000004,
,,,11.0199992E-3,13.0000000,
,,,11.0399993E-3,12.0000000,
,,,11.0599995E-3,12.4000006,
,,,11.0799996E-3,11.0000000,
,,,11.0999998E-3,12.0000000,
,,,11.1199990E-3,10.1999998,
,,,11.1399991E-3,11.0000000,
,,,11.1599993E-3,9.199999809,
,,,11.1799994E-3,10.0000000,
,,,11.1999996E-3,8.199999809,
,,,11.2199998E-3,9.000000000,
,,,11.2399990E-3,7.400000095,
,,,11.2599991E-3,8.000000000,
,,,11.2799993E-3,6.40000010,
,,,11.2999994E-3,7.20000029,
,,,11.3199996E-3,5.80000019,
,,,11.3399997E-3,6.40000010,
,,,11.3599990E-3,5.00000000,
,,,11.3799991E-3,5.59999990,
,,,11.3999993E-3,4.59999990,
,,,11.4199994E-3,4.80000019,
,,,11.4399996E-3,3.79999995,
,,,11.4599997E-3,4.40000010,
,,,11.4799989E-3,3.20000005,
,,,11.4999991E-3,3.79999995,
,,,11.5199992E-3,2.79999995,
,,,11.5399994E-3,3.20000005,
,,,11.5599995E-3,2.4000001,
,,,11.5799997E-3,2.79999995,
,,,11.5999989E-3,2.0000000,
,,,11.6199991E-3,2.4000001,
,,,11.6399992E-3,1.8000001,
,,,11.6599994E-3,2.2000000,
,,,11.6799995E-3,1.4000000,
,,,11.6999997E-3,1.8000001,
,,,11.7199989E-3,1.2000000,
,,,11.7399991E-3,1.4000000,
,,,11.7599992E-3,1.2000000,
,,,11.7799994E-3,1.6000000,
,,,11.7999995E-3,1.4000000,
,,,11.8199997E-3,1.6000000,
,,,11.8399989E-3,1.4000000,
,,,11.8599990E-3,1.8000001,
,,,11.8799992E-3,1.6000000,
,,,11.8999993E-3,2.0000000,
,,,11.9199995E-3,2.0000000,
,,,11.9399996E-3,2.4000001,
,,,11.9599998E-3,2.2000000,
,,,11.9799990E-3,2.6000001,
,,,11.9999992E-3,2.6000001,
,,,12.0199993E-3,3.20000005,
,,,12.0399995E-3,3.00000000,
,,,12.0599996E-3,3.40000010,
,,,12.0799998E-3,3.40000010,
,,,12.0999990E-3,4.00000000,
,,,12.1199992E-3,4.00000000,
,,,12.1399993E-3,4.59999990,
,,,12.1599995E-3,4.80000019,
,,,12.1799996E-3,5.20000029,
,,,12.1999998E-3,5.20000029,
,,,12.2199990E-3,6.00000000,
,,,12.2399991E-3,6.00000000,
,,,12.2599993E-3,6.80000019,
,,,12.2799994E-3,6.80000019,
,,,12.2999996E-3,7.800000191,
,,,12.3199997E-3,7.800000191,
,,,12.3399990E-3,8.400000572,
,,,12.3599991E-3,8.600000381,
,,,12.3799993E-3,9.400000572,
,,,12.3999994E-3,9.400000572,
,,,12.4199996E-3,10.4000006,
,,,12.4399997E-3,10.4000006,
,,,12.4599990E-3,11.1999998,
,,,12.4799991E-3,11.4000006,
,,,12.4999993E-3,12.0000000,
,,,12.5199994E-3,12.1999998,
,,,12.5399996E-3,12.6000004,
,,,12.5599997E-3,12.6000004,
,,,12.5799989E-3,13.1999998,
,,,12.5999991E-3,13.0000000,
,,,12.6199992E-3,13.4000006,
,,,12.6399994E-3,13.4000006,
,,,12.6599995E-3,13.6000004,
,,,12.6799997E-3,13.4000006,
,,,12.6999989E-3,13.6000004,
,,,12.7199991E-3,13.0000000,
,,,12.7399992E-3,13.4000006,
,,,12.7599994E-3,12.6000004,
,,,12.7799995E-3,13.1999998,
,,,12.7999997E-3,12.0000000,
,,,12.8199989E-3,12.6000004,
,,,12.8399990E-3,11.4000006,
,,,12.8599992E-3,12.1999998,
,,,12.8799994E-3,10.6000004,
,,,12.8999995E-3,11.1999998,
,,,12.9199997E-3,9.600000381,
,,,12.9399989E-3,10.4000006,
,,,12.9599990E-3,8.800000191,
,,,12.9799992E-3,9.600000381,
,,,12.9999993E-3,7.800000191,
,,,13.0199995E-3,8.600000381,
,,,13.0399996E-3,7.00000000,
,,,13.0599989E-3,7.800000191,
,,,13.0799990E-3,6.20000029,
,,,13.0999992E-3,6.80000019,
,,,13.1199993E-3,5.20000029,
,,,13.1399995E-3,6.20000029,
,,,13.1599996E-3,4.59999990,
,,,13.1799988E-3,5.20000029,
,,,13.1999990E-3,3.79999995,
,,,13.2199991E-3,4.40000010,
,,,13.2399993E-3,3.00000000,
,,,13.2599995E-3,3.60000014,
,,,13.2799996E-3,2.6000001,
,,,13.2999998E-3,3.00000000,
,,,13.3199990E-3,2.0000000,
,,,13.3399991E-3,2.6000001,
,,,13.3599993E-3,1.6000000,
,,,13.3799994E-3,2.0000000,
,,,13.3999996E-3,1.4000000,
,,,13.4199997E-3,1.8000001,
,,,13.4399990E-3,1.000000,
,,,13.4599991E-3,1.4000000,
,,,13.4799993E-3,800.000011921E-3,
,,,13.4999994E-3,1.2000000,
,,,13.5199996E-3,600.000023842E-3,
,,,13.5399997E-3,1.000000,
,,,13.5599989E-3,800.000011921E-3,
,,,13.5799991E-3,1.000000,
,,,13.5999992E-3,800.000011921E-3,
,,,13.6199994E-3,1.000000,
,,,13.6399996E-3,800.000011921E-3,
,,,13.6599997E-3,1.000000,
,,,13.6799989E-3,1.000000,
,,,13.6999991E-3,1.2000000,
,,,13.7199992E-3,1.2000000,
,,,13.7399994E-3,1.4000000,
,,,13.7599995E-3,1.6000000,
,,,13.7799997E-3,1.8000001,
,,,13.7999989E-3,1.8000001,
,,,13.8199991E-3,2.2000000,
,,,13.8399992E-3,2.4000001,
,,,13.8599994E-3,2.79999995,
,,,13.8799995E-3,2.79999995,
,,,13.8999997E-3,3.40000010,
,,,13.9199989E-3,3.40000010,
,,,13.9399990E-3,4.00000000,
,,,13.9599992E-3,4.00000000,
,,,13.9799993E-3,4.59999990,
,,,13.9999995E-3,4.80000019,
,,,14.0199997E-3,5.40000010,
,,,14.0399989E-3,5.40000010,
,,,14.0599990E-3,6.20000029,
,,,14.0799992E-3,6.40000010,
,,,14.0999993E-3,7.20000029,
,,,14.1199995E-3,7.20000029,
,,,14.1399996E-3,8.000000000,
,,,14.1599989E-3,8.400000572,
,,,14.1799990E-3,9.000000000,
,,,14.1999992E-3,9.199999809,
,,,14.2199993E-3,10.0000000,
,,,14.2399995E-3,9.800000191,
,,,14.2599996E-3,10.8000002,
,,,14.2799988E-3,11.0000000,
,,,14.2999990E-3,11.4000006,
,,,14.3199991E-3,11.6000004,
,,,14.3399993E-3,12.1999998,
,,,14.3599994E-3,12.1999998,
,,,14.3799996E-3,12.8000002,
,,,14.3999988E-3,12.6000004,
,,,14.4199990E-3,13.1999998,
,,,14.4399991E-3,13.0000000,
,,,14.4599993E-3,13.1999998,
,,,14.4799994E-3,13.0000000,
,,,14.4999996E-3,13.1999998,
,,,14.5199988E-3,12.8000002,
,,,14.5399990E-3,13.0000000,
,,,14.5599991E-3,12.1999998,
,,,14.5799993E-3,12.8000002,
,,,14.5999994E-3,11.8000002,
,,,14.6199996E-3,12.1999998,
,,,14.6399997E-3,11.0000000,
,,,14.6599989E-3,11.6000004,
,,,14.6799991E-3,10.4000006,
,,,14.6999992E-3,11.0000000,
,,,14.7199994E-3,9.400000572,
,,,14.7399995E-3,10.1999998,
,,,14.7599997E-3,8.600000381,
,,,14.7799989E-3,9.199999809,
,,,14.7999991E-3,7.800000191,
,,,14.8199992E-3,8.400000572,
,,,14.8399994E-3,6.80000019,
,,,14.8599995E-3,7.400000095,
,,,14.8799997E-3,6.20000029,
,,,14.8999989E-3,6.80000019,
,,,14.9199991E-3,5.40000010,
,,,14.9399992E-3,6.00000000,
,,,14.9599994E-3,4.59999990,
,,,14.9799995E-3,5.20000029,
,,,14.9999997E-3,4.20000029,
,,,15.0199989E-3,4.40000010,
,,,15.0399990E-3,3.60000014,
,,,15.0599992E-3,4.20000029,
,,,15.0799993E-3,3.00000000,
,,,15.0999995E-3,3.60000014,
,,,15.1199996E-3,2.6000001,
,,,15.1399989E-3,3.00000000,
,,,15.1599990E-3,2.4000001,
,,,15.1799992E-3,2.6000001,
,,,15.1999993E-3,2.0000000,
,,,15.2199995E-3,2.4000001,
,,,15.2399996E-3,1.6000000,
,,,15.2599989E-3,2.0000000,
,,,15.2799990E-3,1.2000000,
,,,15.2999992E-3,1.8000001,
,,,15.3199993E-3,1.2000000,
,,,15.3399995E-3,1.4000000,
,,,15.3599996E-3,1.2000000,
,,,15.3799988E-3,1.4000000,
,,,15.3999990E-3,1.4000000,
,,,15.4199991E-3,1.6000000,
,,,15.4399993E-3,1.6000000,
,,,15.4599994E-3,1.8000001,
,,,15.4799996E-3,1.8000001,
,,,15.4999988E-3,2.0000000,
,,,15.5199990E-3,2.0000000,
,,,15.5399991E-3,2.4000001,
,,,15.5599993E-3,2.2000000,
,,,15.5799994E-3,2.6000001,
,,,15.5999996E-3,2.6000001,
,,,15.6199988E-3,2.79999995,
,,,15.6399999E-3,2.79999995,
,,,15.6599991E-3,3.40000010,
,,,15.6799983E-3,3.40000010,
,,,15.6999994E-3,3.79999995,
,,,15.7199986E-3,3.79999995,
,,,15.7399997E-3,4.40000010,
,,,15.7599989E-3,4.40000010,
,,,15.7800000E-3,5.00000000,
,,,15.7999992E-3,4.80000019,
,,,15.8199985E-3,5.80000019,
,,,15.8399995E-3,5.80000019,
,,,15.8599988E-3,6.59999990,
,,,15.8799998E-3,6.40000010,
,,,15.8999991E-3,7.20000029,
,,,15.9200002E-3,7.20000029,
,,,15.9399994E-3,8.000000000,
,,,15.9599986E-3,8.199999809,
,,,15.9799997E-3,8.800000191,
,,,15.9999989E-3,8.800000191,
,,,16.0200000E-3,9.800000191,
,,,16.0399992E-3,9.800000191,
,,,16.0599984E-3,10.6000004,
,,,16.0799995E-3,10.6000004,
,,,16.0999987E-3,11.0000000,
,,,16.1199998E-3,11.4000006,
,,,16.1399990E-3,11.8000002,
,,,16.1600001E-3,12.0000000,
,,,16.1799993E-3,12.1999998,
,,,16.1999986E-3,12.1999998,
,,,16.2199996E-3,12.6000004,
,,,16.2399989E-3,12.4000006,
,,,16.2599999E-3,12.8000002,
,,,16.2799992E-3,12.4000006,
,,,16.2999984E-3,12.6000004,
,,,16.3199995E-3,12.1999998,
,,,16.3399987E-3,12.4000006,
,,,16.3599998E-3,11.8000002,
,,,16.3799990E-3,12.1999998,
,,,16.4000001E-3,11.1999998,
,,,16.4199993E-3,11.8000002,
,,,16.4399985E-3,10.6000004,
,,,16.4599996E-3,11.1999998,
,,,16.4799988E-3,9.800000191,
,,,16.4999999E-3,10.4000006,
,,,16.5199991E-3,8.800000191,
,,,16.5399984E-3,9.600000381,
,,,16.5599994E-3,8.199999809,
,,,16.5799987E-3,8.600000381,
,,,16.5999997E-3,7.20000029,
,,,16.6199990E-3,8.000000000,
,,,16.6400000E-3,6.59999990,
,,,16.6599993E-3,7.20000029,
,,,16.6799985E-3,5.80000019,
,,,16.6999996E-3,6.40000010,
,,,16.7199988E-3,4.80000019,
,,,16.7399999E-3,5.59999990,
,,,16.7599991E-3,4.20000029,
,,,16.7799983E-3,4.80000019,
,,,16.7999994E-3,3.60000014,
,,,16.8199986E-3,4.00000000,
,,,16.8399997E-3,3.00000000,
,,,16.8599989E-3,3.60000014,
,,,16.8800000E-3,2.4000001,
,,,16.8999992E-3,3.00000000,
,,,16.9199985E-3,1.8000001,
,,,16.9399995E-3,2.4000001,
,,,16.9599988E-3,1.6000000,
,,,16.9799998E-3,2.0000000,
,,,16.9999991E-3,1.2000000,
,,,17.0199983E-3,1.6000000,
,,,17.0399994E-3,1.000000,
,,,17.0599986E-3,1.4000000,
,,,17.0799997E-3,800.000011921E-3,
,,,17.0999989E-3,1.2000000,
,,,17.1200000E-3,600.000023842E-3,
,,,17.1399992E-3,800.000011921E-3,
,,,17.1599984E-3,600.000023842E-3,
,,,17.1799995E-3,800.000011921E-3,
,,,17.1999987E-3,800.000011921E-3,
,,,17.2199998E-3,1.000000,
,,,17.2399990E-3,600.000023842E-3,
,,,17.2600001E-3,800.000011921E-3,
,,,17.2799993E-3,1.000000,
,,,17.2999986E-3,1.2000000,
,,,17.3199996E-3,1.2000000,
,,,17.3399989E-3,1.4000000,
,,,17.3599999E-3,1.4000000,
,,,17.3799992E-3,1.6000000,
,,,17.3999984E-3,1.6000000,
,,,17.4199995E-3,2.2000000,
,,,17.4399987E-3,2.0000000,
,,,17.4599998E-3,2.6000001,
,,,17.4799990E-3,2.6000001,
,,,17.5000001E-3,3.20000005,
,,,17.5199993E-3,3.20000005,
,,,17.5399985E-3,3.79999995,
,,,17.5599996E-3,3.79999995,
,,,17.5799988E-3,4.40000010,
,,,17.5999999E-3,4.40000010,
,,,17.6199991E-3,5.00000000,
,,,17.6399983E-3,5.20000029,
,,,17.6599994E-3,6.00000000,
,,,17.6799987E-3,6.00000000,
,,,17.6999997E-3,6.59999990,
,,,17.7199990E-3,6.80000019,
,,,17.7400000E-3,7.599999905,
,,,17.7599993E-3,7.800000191,
,,,17.7799985E-3,8.400000572,
,,,17.7999996E-3,8.400000572,
,,,17.8199988E-3,9.199999809,
,,,17.8399999E-3,9.199999809,
,,,17.8599991E-3,10.0000000,
,,,17.8799983E-3,10.1999998,
,,,17.8999994E-3,10.6000004,
,,,17.9199986E-3,10.8000002,
,,,17.9399997E-3,11.4000006,
,,,17.9599989E-3,11.4000006,
,,,17.9800000E-3,12.0000000,
,,,17.9999992E-3,11.8000002,
,,,18.0199984E-3,12.1999998,
,,,18.0399995E-3,12.0000000,
,,,18.0599988E-3,12.4000006,
,,,18.0799998E-3,12.1999998,
,,,18.0999991E-3,12.4000006,
,,,18.1199983E-3,11.8000002,
,,,18.1399994E-3,12.1999998,
,,,18.1599986E-3,11.6000004,
,,,18.1799997E-3,11.8000002,
,,,18.1999989E-3,10.8000002,
,,,18.2200000E-3,11.4000006,
,,,18.2399992E-3,10.1999998,
,,,18.2599984E-3,10.8000002,
,,,18.2799995E-3,9.600000381,
,,,18.2999987E-3,10.1999998,
,,,18.3199998E-3,8.800000191,
,,,18.3399990E-3,9.400000572,
,,,18.3600001E-3,8.199999809,
,,,18.3799993E-3,8.600000381,
,,,18.3999985E-3,7.20000029,
,,,18.4199996E-3,8.000000000,
,,,18.4399989E-3,6.40000010,
,,,18.4599999E-3,7.00000000,
,,,18.4799992E-3,5.59999990,
,,,18.4999984E-3,6.40000010,
,,,18.5199995E-3,5.00000000,
,,,18.5399987E-3,5.59999990,
,,,18.5599998E-3,4.59999990,
,,,18.5799990E-3,5.20000029,
,,,18.6000001E-3,4.00000000,
,,,18.6199993E-3,4.40000010,
,,,18.6399985E-3,3.40000010,
,,,18.6599996E-3,4.00000000,
,,,18.6799988E-3,3.00000000,
,,,18.6999999E-3,3.40000010,
,,,18.7199991E-3,2.6000001,
,,,18.7399983E-3,3.00000000,
,,,18.7599994E-3,2.2000000,
,,,18.7799986E-3,2.6000001,
,,,18.7999997E-3,2.0000000,
,,,18.8199989E-3,2.2000000,
,,,18.8400000E-3,1.8000001,
,,,18.8599993E-3,2.0000000,
,,,18.8799985E-3,1.2000000,
,,,18.8999996E-3,1.8000001,
,,,18.9199988E-3,1.4000000,
,,,18.9399999E-3,1.4000000,
,,,18.9599991E-3,1.2000000,
,,,18.9799983E-3,1.6000000,
,,,18.9999994E-3,1.4000000,
,,,19.0199986E-3,1.8000001,
,,,19.0399997E-3,1.6000000,
,,,19.0599989E-3,1.8000001,
,,,19.0800000E-3,1.8000001,
,,,19.0999992E-3,2.0000000,
,,,19.1199984E-3,1.8000001,
,,,19.1399995E-3,2.2000000,
,,,19.1599987E-3,2.0000000,
,,,19.1799998E-3,2.4000001,
,,,19.1999990E-3,2.4000001,
,,,19.2199983E-3,2.79999995,
,,,19.2399994E-3,2.79999995,
,,,19.2599986E-3,3.20000005,
,,,19.2799997E-3,3.20000005,
,,,19.2999989E-3,3.60000014,
,,,19.3200000E-3,3.60000014,
,,,19.3399992E-3,4.20000029,
,,,19.3599984E-3,4.20000029,
,,,19.3799995E-3,4.59999990,
,,,19.3999987E-3,4.59999990,
,,,19.4199998E-3,5.40000010,
,,,19.4399990E-3,5.40000010,
,,,19.4599982E-3,6.00000000,
,,,19.4799993E-3,6.20000029,
,,,19.4999985E-3,6.80000019,
,,,19.5199996E-3,6.80000019,
,,,19.5399988E-3,7.400000095,
,,,19.5599999E-3,7.599999905,
,,,19.5799991E-3,8.199999809,
,,,19.5999984E-3,8.400000572,
,,,19.6199995E-3,9.000000000,
,,,19.6399987E-3,9.000000000,
,,,19.6599998E-3,9.800000191,
,,,19.6799990E-3,9.800000191,
,,,19.7000001E-3,10.4000006,
,,,19.7199993E-3,10.6000004,
,,,19.7399985E-3,11.0000000,
,,,19.7599996E-3,11.0000000,
,,,19.7799988E-3,11.6000004,
,,,19.7999999E-3,11.4000006,
,,,19.8199991E-3,11.8000002,
,,,19.8399983E-3,11.8000002,
,,,19.8599994E-3,12.0000000,
,,,19.8799986E-3,11.6000004,
,,,19.8999997E-3,11.8000002,
,,,19.9199989E-3,11.4000006,
,,,19.9400000E-3,11.8000002,
,,,19.9599992E-3,11.0000000,
,,,19.9799985E-3,11.6000004,
,,,19.9999996E-3,10.6000004,
,,,20.0199988E-3,11.0000000,
,,,20.0399999E-3,9.800000191,
,,,20.0599991E-3,10.1999998,
,,,20.0799983E-3,9.000000000,
,,,20.09999938E-3,9.800000191,
,,,20.11999860E-3,8.400000572,
,,,20.13999969E-3,9.000000000,
,,,20.15999891E-3,7.599999905,
,,,20.17999999E-3,8.199999809,
,,,20.19999921E-3,6.80000019,
,,,20.21999843E-3,7.400000095,
,,,20.23999952E-3,6.00000000,
,,,20.25999874E-3,6.59999990,
,,,20.27999982E-3,5.20000029,
,,,20.29999904E-3,5.80000019,
,,,20.31999826E-3,4.59999990,
,,,20.33999935E-3,5.20000029,
,,,20.35999857E-3,3.79999995,
,,,20.37999965E-3,4.40000010,
,,,20.39999887E-3,3.20000005,
,,,20.41999996E-3,3.79999995,
,,,20.43999918E-3,2.6000001,
,,,20.45999840E-3,3.20000005,
,,,20.47999948E-3,2.0000000,
,,,20.49999870E-3,2.6000001,
,,,20.51999979E-3,1.8000001,
,,,20.53999901E-3,2.2000000,
,,,20.55999823E-3,1.4000000,
,,,20.57999931E-3,1.8000001,
,,,20.59999853E-3,1.2000000,
,,,20.61999962E-3,1.4000000,
,,,20.63999884E-3,1.000000,
,,,20.65999992E-3,1.2000000,
,,,20.67999914E-3,600.000023842E-3,
,,,20.69999836E-3,1.000000,
,,,20.71999945E-3,800.000011921E-3,
,,,20.73999867E-3,1.000000,
,,,20.75999975E-3,600.000023842E-3,
,,,20.77999897E-3,800.000011921E-3,
,,,20.79999819E-3,600.000023842E-3,
,,,20.81999928E-3,1.000000,
,,,20.83999850E-3,800.000011921E-3,
,,,20.85999958E-3,800.000011921E-3,
,,,20.87999880E-3,800.000011921E-3,
,,,20.89999989E-3,1.000000,
,,,20.91999911E-3,1.000000,
,,,20.93999833E-3,1.2000000,
,,,20.95999941E-3,1.2000000,
,,,20.97999863E-3,1.4000000,
,,,20.99999972E-3,1.4000000,
,,,21.01999894E-3,2.0000000,
,,,21.04000002E-3,2.0000000,
,,,21.05999924E-3,2.4000001,
,,,21.07999846E-3,2.2000000,
,,,21.09999955E-3,2.79999995,
,,,21.11999877E-3,3.00000000,
,,,21.13999985E-3,3.40000010,
,,,21.15999907E-3,3.40000010,
,,,21.17999829E-3,4.40000010,
,,,21.19999938E-3,4.20000029,
,,,21.21999860E-3,4.80000019,
,,,21.23999968E-3,4.80000019,
,,,21.25999890E-3,5.40000010,
,,,21.27999999E-3,5.59999990,
,,,21.29999921E-3,6.40000010,
,,,21.31999843E-3,6.20000029,
,,,21.33999951E-3,7.00000000,
,,,21.35999873E-3,7.20000029,
,,,21.37999982E-3,7.800000191,
,,,21.39999904E-3,8.000000000,
,,,21.41999826E-3,8.600000381,
,,,21.43999934E-3,8.600000381,
,,,21.45999856E-3,9.400000572,
,,,21.47999965E-3,9.199999809,
,,,21.49999887E-3,10.0000000,
,,,21.51999995E-3,10.0000000,
,,,21.53999917E-3,10.6000004,
,,,21.55999839E-3,10.6000004,
,,,21.57999948E-3,11.0000000,
,,,21.59999870E-3,11.0000000,
,,,21.61999978E-3,11.4000006,
,,,21.63999900E-3,11.4000006,
,,,21.65999822E-3,11.6000004,
,,,21.67999931E-3,11.4000006,
,,,21.69999853E-3,11.6000004,
,,,21.71999961E-3,11.0000000,
,,,21.73999883E-3,11.4000006,
,,,21.75999992E-3,10.8000002,
,,,21.77999914E-3,11.1999998,
,,,21.79999836E-3,10.1999998,
,,,21.81999944E-3,10.8000002,
,,,21.83999866E-3,9.600000381,
,,,21.85999975E-3,10.1999998,
,,,21.87999897E-3,9.000000000,
,,,21.89999819E-3,9.600000381,
,,,21.91999927E-3,8.199999809,
,,,21.93999849E-3,8.800000191,
,,,21.95999958E-3,7.599999905,
,,,21.97999880E-3,8.199999809,
,,,21.99999988E-3,6.80000019,
,,,22.01999910E-3,7.400000095,
,,,22.03999832E-3,6.00000000,
,,,22.05999941E-3,6.59999990,
,,,22.07999863E-3,5.40000010,
,,,22.09999971E-3,6.00000000,
,,,22.11999893E-3,4.80000019,
,,,22.13999815E-3,5.20000029,
,,,22.15999924E-3,4.20000029,
,,,22.17999846E-3,4.59999990,
,,,22.19999954E-3,3.79999995,
,,,22.21999876E-3,4.20000029,
,,,22.23999985E-3,3.20000005,
,,,22.25999907E-3,3.60000014,
,,,22.27999829E-3,2.79999995,
,,,22.29999937E-3,3.20000005,
,,,22.31999859E-3,2.4000001,
,,,22.33999968E-3,2.79999995,
,,,22.35999890E-3,2.2000000,
,,,22.37999998E-3,2.6000001,
,,,22.39999920E-3,1.8000001,
,,,22.41999842E-3,2.2000000,
,,,22.43999951E-3,1.6000000,
,,,22.45999873E-3,2.0000000,
,,,22.47999981E-3,1.2000000,
,,,22.49999903E-3,1.6000000,
,,,22.51999825E-3,1.2000000,
,,,22.53999934E-3,1.4000000,
,,,22.55999856E-3,1.2000000,
,,,22.57999964E-3,1.4000000,
,,,22.59999886E-3,1.4000000,
,,,22.61999995E-3,1.6000000,
,,,22.63999917E-3,1.4000000,
,,,22.65999839E-3,1.6000000,
,,,22.67999947E-3,1.6000000,
,,,22.69999869E-3,1.8000001,
,,,22.71999978E-3,1.8000001,
,,,22.73999900E-3,2.2000000,
,,,22.75999822E-3,2.0000000,
,,,22.77999930E-3,2.2000000,
,,,22.79999852E-3,2.4000001,
,,,22.81999961E-3,2.6000001,
,,,22.83999883E-3,2.6000001,
,,,22.85999991E-3,3.00000000,
,,,22.87999913E-3,2.79999995,
,,,22.89999835E-3,3.40000010,
,,,22.91999944E-3,3.60000014,
,,,22.93999866E-3,3.79999995,
,,,22.95999974E-3,3.79999995,
,,,22.97999896E-3,4.59999990,
,,,22.99999818E-3,4.40000010,
,,,23.01999927E-3,5.00000000,
,,,23.03999849E-3,5.00000000,
,,,23.05999957E-3,5.59999990,
,,,23.07999879E-3,5.80000019,
,,,23.09999987E-3,6.40000010,
,,,23.11999910E-3,6.40000010,
,,,23.13999832E-3,7.00000000,
,,,23.15999940E-3,7.20000029,
,,,23.17999862E-3,7.800000191,
,,,23.19999970E-3,7.800000191,
,,,23.21999893E-3,8.600000381,
,,,23.23999815E-3,8.400000572,
,,,23.25999923E-3,9.199999809,
,,,23.27999845E-3,9.199999809,
,,,23.29999954E-3,9.800000191,
,,,23.31999876E-3,9.800000191,
,,,23.33999984E-3,10.4000006,
,,,23.35999906E-3,10.4000006,
,,,23.37999828E-3,10.8000002,
,,,23.39999937E-3,10.8000002,
,,,23.41999859E-3,11.0000000,
,,,23.43999967E-3,11.0000000,
,,,23.45999889E-3,11.1999998,
,,,23.47999811E-3,11.0000000,
,,,23.49999920E-3,11.1999998,
,,,23.51999842E-3,10.8000002,
,,,23.53999950E-3,11.0000000,
,,,23.55999872E-3,10.4000006,
,,,23.57999980E-3,10.6000004,
,,,23.59999903E-3,9.600000381,
,,,23.61999825E-3,10.1999998,
,,,23.63999933E-3,9.199999809,
,,,23.65999855E-3,9.600000381,
,,,23.67999963E-3,8.400000572,
,,,23.69999886E-3,9.199999809,
,,,23.71999994E-3,7.800000191,
,,,23.73999916E-3,8.600000381,
,,,23.75999838E-3,7.00000000,
,,,23.77999946E-3,7.800000191,
,,,23.79999869E-3,6.40000010,
,,,23.81999977E-3,7.00000000,
,,,23.83999899E-3,5.59999990,
,,,23.85999821E-3,6.20000029,
,,,23.87999929E-3,4.80000019,
,,,23.89999852E-3,5.40000010,
,,,23.91999960E-3,4.40000010,
,,,23.93999882E-3,4.80000019,
,,,23.95999990E-3,3.60000014,
,,,23.97999913E-3,4.20000029,
,,,23.99999835E-3,2.79999995,
,,,24.01999943E-3,3.40000010,
,,,24.03999865E-3,2.6000001,
,,,24.05999973E-3,2.79999995,
,,,24.07999896E-3,2.0000000,
,,,24.09999818E-3,2.4000001,
,,,24.11999926E-3,1.6000000,
,,,24.13999848E-3,1.8000001,
,,,24.15999956E-3,1.4000000,
,,,24.17999879E-3,1.8000001,
,,,24.19999987E-3,1.000000,
,,,24.21999909E-3,1.4000000,
,,,24.23999831E-3,800.000011921E-3,
,,,24.25999939E-3,1.2000000,
,,,24.27999862E-3,600.000023842E-3,
,,,24.29999970E-3,1.000000,
,,,24.31999892E-3,600.000023842E-3,
,,,24.33999814E-3,800.000011921E-3,
,,,24.35999922E-3,600.000023842E-3,
,,,24.37999845E-3,800.000011921E-3,
,,,24.39999953E-3,600.000023842E-3,
,,,24.41999875E-3,800.000011921E-3,
,,,24.43999983E-3,800.000011921E-3,
,,,24.45999905E-3,800.000011921E-3,
,,,24.47999828E-3,800.000011921E-3,
,,,24.49999936E-3,1.000000,
,,,24.51999858E-3,800.000011921E-3,
,,,24.53999966E-3,1.2000000,
,,,24.55999888E-3,1.2000000,
,,,24.57999811E-3,1.4000000,
,,,24.59999919E-3,1.4000000,
,,,24.61999841E-3,1.8000001,
,,,24.63999949E-3,1.8000001,
,,,24.65999871E-3,2.4000001,
,,,24.67999980E-3,2.2000000,
,,,24.69999902E-3,2.79999995,
,,,24.71999824E-3,2.79999995,
,,,24.73999932E-3,3.20000005,
,,,24.75999855E-3,3.20000005,
,,,24.77999963E-3,3.79999995,
,,,24.79999885E-3,4.00000000,
,,,24.81999993E-3,4.40000010,
,,,24.83999915E-3,4.59999990,
,,,24.85999838E-3,5.20000029,
,,,24.87999946E-3,5.40000010,
,,,24.89999868E-3,6.00000000,
,,,24.91999976E-3,6.00000000,
,,,24.93999898E-3,6.40000010,
,,,24.95999821E-3,6.80000019,
,,,24.97999929E-3,7.400000095,
,,,24.99999851E-3,7.20000029,
,,,25.01999959E-3,8.000000000,
,,,25.03999881E-3,8.199999809,
,,,25.05999990E-3,8.800000191,
,,,25.07999912E-3,8.800000191,
,,,25.09999834E-3,9.199999809,
,,,25.11999942E-3,9.199999809,
,,,25.13999864E-3,9.800000191,
,,,25.15999973E-3,10.0000000,
,,,25.17999895E-3,10.4000006,
,,,25.19999817E-3,10.4000006,
,,,25.21999925E-3,10.8000002,
,,,25.23999847E-3,10.6000004,
,,,25.25999956E-3,11.0000000,
,,,25.27999878E-3,10.6000004,
,,,25.29999986E-3,10.8000002,
,,,25.31999908E-3,10.4000006,
,,,25.33999830E-3,10.8000002,
,,,25.35999939E-3,9.800000191,
,,,25.37999861E-3,10.4000006,
,,,25.39999969E-3,9.600000381,
,,,25.41999891E-3,10.0000000,
,,,25.43999813E-3,9.000000000,
,,,25.45999922E-3,9.400000572,
,,,25.47999844E-3,8.400000572,
,,,25.49999952E-3,8.800000191,
,,,25.51999874E-3,7.599999905,
,,,25.53999983E-3,8.199999809,
,,,25.55999905E-3,7.00000000,
,,,25.57999827E-3,7.599999905,
,,,25.59999935E-3,6.20000029,
,,,25.61999857E-3,7.00000000,
,,,25.63999966E-3,5.80000019,
,,,25.65999888E-3,6.40000010,
,,,25.67999810E-3,5.20000029,
,,,25.69999918E-3,5.59999990,
,,,25.71999840E-3,4.59999990,
,,,25.73999949E-3,5.00000000,
,,,25.75999871E-3,4.00000000,
,,,25.77999979E-3,4.40000010,
,,,25.79999901E-3,3.60000014,
,,,25.81999823E-3,4.00000000,
,,,25.83999932E-3,3.00000000,
,,,25.85999854E-3,3.40000010,
,,,25.87999962E-3,2.6000001,
,,,25.89999884E-3,3.20000005,
,,,25.91999806E-3,2.4000001,
,,,25.93999915E-3,2.6000001,
,,,25.95999837E-3,2.0000000,
,,,25.97999945E-3,2.4000001,
,,,25.99999867E-3,1.8000001,
,,,26.01999976E-3,2.2000000,
,,,26.03999898E-3,1.6000000,
,,,26.05999820E-3,1.8000001,
,,,26.07999928E-3,1.2000000,
,,,26.09999850E-3,1.6000000,
,,,26.11999959E-3,1.2000000,
,,,26.13999881E-3,1.4000000,
,,,26.15999989E-3,1.4000000,
,,,26.17999911E-3,1.4000000,
,,,26.19999833E-3,1.2000000,
,,,26.21999942E-3,1.6000000,
,,,26.23999864E-3,1.4000000,
,,,26.25999972E-3,1.8000001,
,,,26.27999894E-3,1.6000000,
,,,26.29999816E-3,2.0000000,
,,,26.31999925E-3,1.8000001,
,,,26.33999847E-3,2.0000000,
,,,26.35999955E-3,2.0000000,
,,,26.37999877E-3,2.2000000,
,,,26.39999986E-3,2.2000000,
,,,26.41999908E-3,2.6000001,
,,,26.43999830E-3,2.4000001,
,,,26.45999938E-3,2.79999995,
,,,26.47999860E-3,2.79999995,
,,,26.49999969E-3,3.20000005,
,,,26.51999891E-3,3.20000005,
,,,26.53999813E-3,3.60000014,
,,,26.55999921E-3,3.79999995,
,,,26.57999843E-3,4.20000029,
,,,26.59999952E-3,4.20000029,
,,,26.61999874E-3,4.80000019,
,,,26.63999982E-3,4.80000019,
,,,26.65999904E-3,5.20000029,
,,,26.67999826E-3,5.40000010,
,,,26.69999935E-3,6.00000000,
,,,26.71999857E-3,6.00000000,
,,,26.73999965E-3,6.59999990,
,,,26.75999887E-3,6.59999990,
,,,26.77999809E-3,7.20000029,
,,,26.79999918E-3,7.20000029,
,,,26.81999840E-3,8.000000000,
,,,26.83999948E-3,8.000000000,
,,,26.85999870E-3,8.600000381,
,,,26.87999979E-3,8.600000381,
,,,26.89999901E-3,9.000000000,
,,,26.91999823E-3,9.000000000,
,,,26.93999931E-3,9.600000381,
,,,26.95999853E-3,9.600000381,
,,,26.97999962E-3,10.0000000,
,,,26.99999884E-3,10.0000000,
,,,27.01999806E-3,10.4000006,
,,,27.03999914E-3,10.1999998,
,,,27.05999836E-3,10.6000004,
,,,27.07999945E-3,10.1999998,
,,,27.09999867E-3,10.6000004,
,,,27.11999975E-3,9.800000191,
,,,27.13999897E-3,10.4000006,
,,,27.15999819E-3,9.400000572,
,,,27.17999928E-3,10.0000000,
,,,27.19999850E-3,9.000000000,
,,,27.21999958E-3,9.600000381,
,,,27.23999880E-3,8.600000381,
,,,27.25999802E-3,9.000000000,
,,,27.27999911E-3,8.000000000,
,,,27.29999833E-3,8.400000572,
,,,27.31999941E-3,7.00000000,
,,,27.33999863E-3,8.000000000,
,,,27.35999972E-3,6.80000019,
,,,27.37999894E-3,7.20000029,
,,,27.39999816E-3,5.80000019,
,,,27.41999924E-3,6.59999990,
,,,27.43999846E-3,5.20000029,
,,,27.45999955E-3,5.80000019,
,,,27.47999877E-3,4.59999990,
,,,27.49999985E-3,5.20000029,
,,,27.51999907E-3,4.00000000,
,,,27.53999829E-3,4.59999990,
,,,27.55999938E-3,3.20000005,
,,,27.57999860E-3,3.79999995,
,,,27.59999968E-3,2.79999995,
,,,27.61999890E-3,3.20000005,
,,,27.63999812E-3,2.2000000,
,,,27.65999921E-3,2.79999995,
,,,27.67999843E-3,1.8000001,
,,,27.69999951E-3,2.4000001,
,,,27.71999873E-3,1.6000000,
,,,27.73999982E-3,1.8000001,
,,,27.75999904E-3,1.4000000,
,,,27.77999826E-3,1.6000000,
,,,27.79999934E-3,1.000000,
,,,27.81999856E-3,1.4000000,
,,,27.83999965E-3,800.000011921E-3,
,,,27.85999887E-3,1.000000,
,,,27.87999809E-3,600.000023842E-3,
,,,27.89999917E-3,1.000000,
,,,27.91999839E-3,600.000023842E-3,
,,,27.93999948E-3,800.000011921E-3,
,,,27.95999870E-3,600.000023842E-3,
,,,27.97999978E-3,800.000011921E-3,
,,,27.99999900E-3,600.000023842E-3,
,,,28.01999822E-3,800.000011921E-3,
,,,28.03999931E-3,600.000023842E-3,
,,,28.05999853E-3,800.000011921E-3,
,,,28.07999961E-3,800.000011921E-3,
,,,28.09999883E-3,1.000000,
,,,28.11999805E-3,1.000000,
,,,28.13999914E-3,1.2000000,
,,,28.15999836E-3,1.2000000,
,,,28.17999944E-3,1.4000000,
,,,28.19999866E-3,1.4000000,
,,,28.21999975E-3,1.6000000,
,,,28.23999897E-3,1.8000001,
,,,28.25999819E-3,2.0000000,
,,,28.27999927E-3,2.2000000,
,,,28.29999849E-3,2.79999995,
,,,28.31999958E-3,2.6000001,
,,,28.33999880E-3,3.00000000,
,,,28.35999802E-3,3.00000000,
,,,28.37999910E-3,3.60000014,
,,,28.39999832E-3,3.60000014,
,,,28.41999941E-3,4.40000010,
,,,28.43999863E-3,4.40000010,
,,,28.45999971E-3,4.80000019,
,,,28.47999893E-3,4.80000019,
,,,28.49999815E-3,5.59999990,
,,,28.51999924E-3,5.80000019,
,,,28.53999846E-3,6.00000000,
,,,28.55999954E-3,6.40000010,
,,,28.57999876E-3,6.80000019,
,,,28.59999985E-3,6.80000019,
,,,28.61999907E-3,7.400000095,
,,,28.63999829E-3,7.599999905,
,,,28.65999937E-3,8.199999809,
,,,28.67999859E-3,8.400000572,
,,,28.69999968E-3,8.600000381,
,,,28.71999890E-3,8.800000191,
,,,28.73999812E-3,9.199999809,
,,,28.75999920E-3,9.199999809,
,,,28.77999842E-3,9.600000381,
,,,28.79999951E-3,9.600000381,
,,,28.81999873E-3,10.0000000,
,,,28.83999981E-3,9.800000191,
,,,28.85999903E-3,10.0000000,
,,,28.87999825E-3,9.800000191,
,,,28.89999934E-3,10.1999998,
,,,28.91999856E-3,9.800000191,
,,,28.93999964E-3,10.0000000,
,,,28.95999886E-3,9.400000572,
,,,28.97999808E-3,9.800000191,
,,,28.99999917E-3,8.800000191,
,,,29.01999839E-3,9.400000572,
,,,29.03999947E-3,8.400000572,
,,,29.05999869E-3,9.000000000,
,,,29.07999977E-3,7.800000191,
,,,29.09999900E-3,8.400000572,
,,,29.11999822E-3,7.20000029,
,,,29.13999930E-3,7.800000191,
,,,29.15999852E-3,6.59999990,
,,,29.17999960E-3,7.20000029,
,,,29.19999883E-3,6.00000000,
,,,29.21999805E-3,6.59999990,
,,,29.23999913E-3,5.20000029,
,,,29.25999835E-3,6.00000000,
,,,29.27999943E-3,5.00000000,
,,,29.29999866E-3,5.20000029,
,,,29.31999974E-3,4.20000029,
,,,29.33999896E-3,4.59999990,
,,,29.35999818E-3,3.79999995,
,,,29.37999927E-3,4.20000029,
,,,29.39999849E-3,3.20000005,
,,,29.41999957E-3,3.60000014,
,,,29.43999879E-3,2.79999995,
,,,29.45999801E-3,3.40000010,
,,,29.47999910E-3,2.2000000,
,,,29.49999832E-3,2.79999995,
,,,29.51999940E-3,2.2000000,
,,,29.53999862E-3,2.4000001,
,,,29.55999970E-3,2.0000000,
,,,29.57999893E-3,2.2000000,
,,,29.59999815E-3,1.6000000,
,,,29.61999923E-3,2.0000000,
,,,29.63999845E-3,1.4000000,
,,,29.65999953E-3,1.8000001,
,,,29.67999876E-3,1.2000000,
,,,29.69999798E-3,1.6000000,
,,,29.71999906E-3,1.2000000,
,,,29.73999828E-3,1.4000000,
,,,29.75999936E-3,1.2000000,
,,,29.77999859E-3,1.4000000,
,,,29.79999967E-3,1.2000000,
,,,29.81999889E-3,1.6000000,
,,,29.83999811E-3,1.4000000,
,,,29.85999919E-3,1.6000000,
,,,29.87999842E-3,1.4000000,
,,,29.89999950E-3,1.8000001,
,,,29.91999872E-3,1.6000000,
,,,29.93999980E-3,1.8000001,
,,,29.95999902E-3,1.8000001,
,,,29.97999825E-3,2.2000000,
,,,29.99999933E-3,2.0000000,
,,,30.01999855E-3,2.4000001,
,,,30.03999963E-3,2.2000000,
,,,30.05999885E-3,2.6000001,
,,,30.07999808E-3,2.6000001,
,,,30.09999916E-3,3.00000000,
,,,30.11999838E-3,3.00000000,
,,,30.13999946E-3,3.40000010,
,,,30.15999869E-3,3.60000014,
,,,30.17999977E-3,4.00000000,
,,,30.19999899E-3,4.00000000,
,,,30.21999821E-3,4.40000010,
,,,30.23999929E-3,4.59999990,
,,,30.25999852E-3,5.00000000,
,,,30.27999960E-3,5.00000000,
,,,30.29999882E-3,5.80000019,
,,,30.31999804E-3,5.59999990,
,,,30.33999912E-3,6.40000010,
,,,30.35999835E-3,6.40000010,
,,,30.37999943E-3,6.80000019,
,,,30.39999865E-3,7.00000000,
,,,30.41999973E-3,7.599999905,
,,,30.43999895E-3,7.599999905,
,,,30.45999818E-3,8.199999809,
,,,30.47999926E-3,8.199999809,
,,,30.49999848E-3,8.600000381,
,,,30.51999956E-3,8.600000381,
,,,30.53999878E-3,9.000000000,
,,,30.55999801E-3,9.000000000,
,,,30.57999909E-3,9.400000572,
,,,30.59999831E-3,9.400000572,
,,,30.61999939E-3,9.800000191,
,,,30.63999861E-3,9.600000381,
,,,30.65999970E-3,9.800000191,
,,,30.67999892E-3,9.400000572,
,,,30.69999814E-3,9.600000381,
,,,30.71999922E-3,9.400000572,
,,,30.73999844E-3,9.600000381,
,,,30.75999953E-3,9.000000000,
,,,30.77999875E-3,9.400000572,
,,,30.79999797E-3,8.400000572,
,,,30.81999905E-3,9.000000000,
,,,30.83999828E-3,8.199999809,
,,,30.85999936E-3,8.400000572,
,,,30.87999858E-3,7.400000095,
,,,30.89999966E-3,8.000000000,
,,,30.91999888E-3,6.80000019,
,,,30.93999811E-3,7.400000095,
,,,30.95999919E-3,6.40000010,
,,,30.97999841E-3,6.80000019,
,,,30.99999949E-3,5.59999990,
,,,31.01999871E-3,6.20000029,
,,,31.03999794E-3,5.20000029,
,,,31.05999902E-3,5.59999990,
,,,31.07999824E-3,4.40000010,
,,,31.09999932E-3,4.80000019,
,,,31.11999854E-3,3.60000014,
,,,31.13999963E-3,4.20000029,
,,,31.15999885E-3,3.20000005,
,,,31.17999807E-3,3.79999995,
,,,31.19999915E-3,2.79999995,
,,,31.21999837E-3,3.20000005,
,,,31.23999946E-3,2.2000000,
,,,31.25999868E-3,2.6000001,
,,,31.27999976E-3,1.6000000,
,,,31.29999712E-3,2.2000000,
,,,31.31999820E-3,1.4000000,
,,,31.33999929E-3,1.8000001,
,,,31.36000037E-3,1.2000000,
,,,31.37999773E-3,1.4000000,
,,,31.39999881E-3,1.000000,
,,,31.41999990E-3,1.2000000,
,,,31.43999726E-3,800.000011921E-3,
,,,31.45999834E-3,1.000000,
,,,31.47999942E-3,600.000023842E-3,
,,,31.50000051E-3,1.000000,
,,,31.51999786E-3,600.000023842E-3,
,,,31.53999895E-3,800.000011921E-3,
,,,31.56000003E-3,600.000023842E-3,
,,,31.57999739E-3,800.000011921E-3,
,,,31.59999847E-3,600.000023842E-3,
,,,31.61999956E-3,800.000011921E-3,
,,,31.64000064E-3,600.000023842E-3,
,,,31.65999800E-3,800.000011921E-3,
,,,31.67999908E-3,600.000023842E-3,
,,,31.70000017E-3,1.000000,
,,,31.71999753E-3,1.000000,
,,,31.73999861E-3,1.2000000,
,,,31.75999969E-3,1.000000,
,,,31.77999705E-3,1.4000000,
,,,31.79999813E-3,1.4000000,
,,,31.81999922E-3,1.6000000,
,,,31.84000030E-3,1.6000000,
,,,31.85999766E-3,2.0000000,
,,,31.87999874E-3,2.0000000,
,,,31.89999983E-3,2.4000001,
,,,31.91999719E-3,2.4000001,
,,,31.93999827E-3,2.79999995,
,,,31.95999935E-3,3.00000000,
,,,31.98000044E-3,3.40000010,
,,,31.99999779E-3,3.40000010,
,,,32.01999888E-3,4.00000000,
,,,32.03999996E-3,4.00000000,
,,,32.05999732E-3,4.59999990,
,,,32.07999840E-3,4.59999990,
,,,32.09999949E-3,5.20000029,
,,,32.12000057E-3,5.20000029,
,,,32.13999793E-3,5.80000019,
,,,32.15999901E-3,6.00000000,
,,,32.18000010E-3,6.40000010,
,,,32.19999745E-3,6.59999990,
,,,32.21999854E-3,7.20000029,
,,,32.23999962E-3,7.20000029,
,,,32.25999698E-3,7.599999905,
,,,32.27999806E-3,7.800000191,
,,,32.29999915E-3,8.199999809,
,,,32.32000023E-3,8.199999809,
,,,32.33999759E-3,8.600000381,
,,,32.35999867E-3,8.800000191,
,,,32.37999976E-3,9.000000000,
,,,32.39999712E-3,9.000000000,
,,,32.41999820E-3,9.400000572,
,,,32.43999928E-3,9.199999809,
,,,32.46000037E-3,9.600000381,
,,,32.47999772E-3,9.199999809,
,,,32.49999881E-3,9.600000381,
,,,32.51999989E-3,9.199999809,
,,,32.53999725E-3,9.400000572,
,,,32.55999833E-3,8.800000191,
,,,32.57999942E-3,9.199999809,
,,,32.60000050E-3,8.400000572,
,,,32.61999786E-3,8.800000191,
,,,32.63999894E-3,8.000000000,
,,,32.66000003E-3,8.400000572,
,,,32.67999738E-3,7.400000095,
,,,32.69999847E-3,8.000000000,
,,,32.71999955E-3,6.80000019,
,,,32.74000064E-3,7.400000095,
,,,32.75999799E-3,6.20000029,
,,,32.77999908E-3,6.80000019,
,,,32.80000016E-3,5.59999990,
,,,32.81999752E-3,6.20000029,
,,,32.83999860E-3,5.00000000,
,,,32.85999969E-3,5.59999990,
,,,32.87999704E-3,4.59999990,
,,,32.89999813E-3,5.00000000,
,,,32.91999921E-3,4.00000000,
,,,32.94000030E-3,4.59999990,
,,,32.95999765E-3,3.40000010,
,,,32.97999874E-3,4.00000000,
,,,32.99999982E-3,3.00000000,
,,,33.01999718E-3,3.40000010,
,,,33.03999826E-3,2.6000001,
,,,33.05999935E-3,3.20000005,
,,,33.08000043E-3,2.4000001,
,,,33.09999779E-3,2.79999995,
,,,33.11999887E-3,2.2000000,
,,,33.13999996E-3,2.4000001,
,,,33.15999731E-3,1.8000001,
,,,33.17999840E-3,2.2000000,
,,,33.19999948E-3,1.6000000,
,,,33.22000057E-3,2.0000000,
,,,33.23999792E-3,1.6000000,
,,,33.25999901E-3,1.8000001,
,,,33.28000009E-3,1.2000000,
,,,33.29999745E-3,1.6000000,
,,,33.31999853E-3,1.2000000,
,,,33.33999962E-3,1.4000000,
,,,33.35999697E-3,1.2000000,
,,,33.37999806E-3,1.4000000,
,,,33.39999914E-3,1.2000000,
,,,33.42000023E-3,1.4000000,
,,,33.43999758E-3,1.2000000,
,,,33.45999867E-3,1.6000000,
,,,33.47999975E-3,1.4000000,
,,,33.49999711E-3,1.6000000,
,,,33.51999819E-3,1.6000000,
,,,33.53999928E-3,1.8000001,
,,,33.56000036E-3,1.8000001,
,,,33.57999772E-3,2.0000000,
,,,33.59999880E-3,2.0000000,
,,,33.61999989E-3,2.2000000,
,,,33.63999724E-3,2.2000000,
,,,33.65999833E-3,2.4000001,
,,,33.67999941E-3,2.6000001,
,,,33.70000049E-3,2.79999995,
,,,33.71999785E-3,2.79999995,
,,,33.73999894E-3,3.20000005,
,,,33.76000002E-3,3.20000005,
,,,33.77999738E-3,3.79999995,
,,,33.79999846E-3,3.79999995,
,,,33.81999955E-3,4.20000029,
,,,33.84000063E-3,4.40000010,
,,,33.85999799E-3,4.59999990,
,,,33.87999907E-3,4.80000019,
,,,33.90000015E-3,5.40000010,
,,,33.91999751E-3,5.40000010,
,,,33.93999860E-3,6.00000000,
,,,33.95999968E-3,6.20000029,
,,,33.97999704E-3,6.40000010,
,,,33.99999812E-3,6.59999990,
,,,34.01999921E-3,7.00000000,
,,,34.04000029E-3,7.00000000,
,,,34.05999765E-3,7.599999905,
,,,34.07999873E-3,7.599999905,
,,,34.09999982E-3,8.199999809,
,,,34.11999717E-3,8.199999809,
,,,34.13999826E-3,8.600000381,
,,,34.15999934E-3,8.600000381,
,,,34.18000042E-3,8.800000191,
,,,34.19999778E-3,9.000000000,
,,,34.21999887E-3,9.000000000,
,,,34.23999995E-3,9.000000000,
,,,34.25999731E-3,9.199999809,
,,,34.27999839E-3,9.000000000,
,,,34.29999948E-3,9.199999809,
,,,34.32000056E-3,8.800000191,
,,,34.33999792E-3,9.000000000,
,,,34.35999900E-3,8.400000572,
,,,34.38000008E-3,8.800000191,
,,,34.39999744E-3,8.000000000,
,,,34.41999853E-3,8.400000572,
,,,34.43999961E-3,7.400000095,
,,,34.45999697E-3,8.000000000,
,,,34.47999805E-3,7.20000029,
,,,34.49999914E-3,7.599999905,
,,,34.52000022E-3,6.40000010,
,,,34.53999758E-3,7.00000000,
,,,34.55999866E-3,6.00000000,
,,,34.57999974E-3,6.40000010,
,,,34.59999710E-3,5.20000029,
,,,34.61999819E-3,5.80000019,
,,,34.63999927E-3,4.80000019,
,,,34.66000035E-3,5.20000029,
,,,34.67999771E-3,4.20000029,
,,,34.69999880E-3,4.59999990,
,,,34.71999988E-3,3.60000014,
,,,34.73999724E-3,4.00000000,
,,,34.75999832E-3,2.79999995,
,,,34.77999941E-3,3.40000010,
,,,34.80000049E-3,2.6000001,
,,,34.81999785E-3,2.79999995,
,,,34.83999893E-3,2.2000000,
,,,34.86000001E-3,2.6000001,
,,,34.87999737E-3,1.8000001,
,,,34.89999846E-3,2.2000000,
,,,34.91999954E-3,1.4000000,
,,,34.93999690E-3,1.8000001,
,,,34.95999798E-3,1.2000000,
,,,34.97999907E-3,1.4000000,
,,,35.00000015E-3,1.000000,
,,,35.01999751E-3,1.2000000,
,,,35.03999859E-3,800.000011921E-3,
,,,35.05999967E-3,1.2000000,
,,,35.07999703E-3,600.000023842E-3,
,,,35.09999812E-3,1.000000,
,,,35.11999920E-3,600.000023842E-3,
,,,35.14000028E-3,800.000011921E-3,
,,,35.15999764E-3,600.000023842E-3,
,,,35.17999873E-3,800.000011921E-3,
,,,35.19999981E-3,600.000023842E-3,
,,,35.21999717E-3,800.000011921E-3,
,,,35.23999825E-3,600.000023842E-3,
,,,35.25999933E-3,800.000011921E-3,
,,,35.28000042E-3,800.000011921E-3,
,,,35.29999778E-3,1.000000,
,,,35.31999886E-3,800.000011921E-3,
,,,35.33999994E-3,1.2000000,
,,,35.35999730E-3,1.000000,
,,,35.37999839E-3,1.2000000,
,,,35.39999947E-3,1.4000000,
,,,35.42000055E-3,1.4000000,
,,,35.43999791E-3,1.6000000,
,,,35.45999900E-3,1.8000001,
,,,35.48000008E-3,2.0000000,
,,,35.49999744E-3,2.4000001,
,,,35.51999852E-3,2.4000001,
,,,35.53999960E-3,2.79999995,
,,,35.55999696E-3,2.79999995,
,,,35.57999805E-3,3.20000005,
,,,35.59999913E-3,3.00000000,
,,,35.62000021E-3,3.79999995,
,,,35.63999757E-3,3.79999995,
,,,35.65999866E-3,4.20000029,
,,,35.67999974E-3,4.40000010,
,,,35.69999710E-3,4.80000019,
,,,35.71999818E-3,5.00000000,
,,,35.73999926E-3,5.40000010,
,,,35.76000035E-3,5.59999990,
,,,35.77999771E-3,6.20000029,
,,,35.79999879E-3,6.20000029,
,,,35.81999987E-3,6.80000019,
,,,35.83999723E-3,6.59999990,
,,,35.85999832E-3,7.400000095,
,,,35.87999940E-3,7.400000095,
,,,35.90000048E-3,7.800000191,
,,,35.91999784E-3,7.800000191,
,,,35.93999892E-3,8.400000572,
,,,35.96000001E-3,8.199999809,
,,,35.97999737E-3,8.600000381,
,,,35.99999845E-3,8.600000381,
,,,36.01999953E-3,8.800000191,
,,,36.03999689E-3,8.800000191,
,,,36.05999798E-3,9.000000000,
,,,36.07999906E-3,8.800000191,
,,,36.10000014E-3,8.800000191,
,,,36.11999750E-3,8.400000572,
,,,36.13999858E-3,8.800000191,
,,,36.15999967E-3,8.199999809,
,,,36.17999703E-3,8.600000381,
,,,36.19999811E-3,7.800000191,
,,,36.21999919E-3,8.400000572,
,,,36.24000028E-3,7.599999905,
,,,36.25999764E-3,8.000000000,
,,,36.27999872E-3,7.00000000,
,,,36.29999980E-3,7.400000095,
,,,36.31999716E-3,6.40000010,
,,,36.33999825E-3,6.80000019,
,,,36.35999933E-3,5.80000019,
,,,36.38000041E-3,6.40000010,
,,,36.39999777E-3,5.20000029,
,,,36.41999885E-3,5.80000019,
,,,36.43999994E-3,4.80000019,
,,,36.45999730E-3,5.20000029,
,,,36.47999838E-3,4.40000010,
,,,36.49999946E-3,4.59999990,
,,,36.52000055E-3,3.79999995,
,,,36.53999791E-3,4.20000029,
,,,36.55999899E-3,3.20000005,
,,,36.58000007E-3,3.79999995,
,,,36.59999743E-3,2.79999995,
,,,36.61999851E-3,3.40000010,
,,,36.63999960E-3,2.4000001,
,,,36.65999696E-3,3.00000000,
,,,36.67999804E-3,2.2000000,
,,,36.69999912E-3,2.6000001,
,,,36.72000021E-3,2.0000000,
,,,36.73999757E-3,2.2000000,
,,,36.75999865E-3,1.8000001,
,,,36.77999973E-3,2.0000000,
,,,36.79999709E-3,1.4000000,
,,,36.81999817E-3,1.8000001,
,,,36.83999926E-3,1.4000000,
,,,36.86000034E-3,1.6000000,
,,,36.87999770E-3,1.000000,
,,,36.89999878E-3,1.6000000,
,,,36.91999987E-3,1.000000,
,,,36.93999723E-3,1.4000000,
,,,36.95999831E-3,1.000000,
,,,36.97999939E-3,1.2000000,
,,,37.00000048E-3,1.000000,
,,,37.01999784E-3,1.2000000,
,,,37.03999892E-3,800.000011921E-3,
,,,37.06000000E-3,1.000000,
,,,37.07999736E-3,800.000011921E-3,
,,,37.09999844E-3,1.000000,
,,,37.11999953E-3,800.000011921E-3,
,,,37.13999689E-3,800.000011921E-3,
,,,37.15999797E-3,600.000023842E-3,
,,,37.17999905E-3,800.000011921E-3,
,,,37.20000014E-3,600.000023842E-3,
,,,37.21999750E-3,800.000011921E-3,
,,,37.23999858E-3,600.000023842E-3,
,,,37.25999966E-3,800.000011921E-3,
,,,37.27999702E-3,600.000023842E-3,
,,,37.29999810E-3,800.000011921E-3,
,,,37.31999919E-3,600.000023842E-3,
,,,37.34000027E-3,800.000011921E-3,
,,,37.35999763E-3,600.000023842E-3,
,,,37.37999871E-3,800.000011921E-3,
,,,37.39999980E-3,600.000023842E-3,
,,,37.41999716E-3,600.000023842E-3,
,,,37.43999824E-3,600.000023842E-3,
,,,37.45999932E-3,800.000011921E-3,
,,,37.48000041E-3,600.000023842E-3,
,,,37.49999776E-3,600.000023842E-3,
,,,37.51999885E-3,600.000023842E-3,
,,,37.53999993E-3,800.000011921E-3,
,,,37.55999729E-3,400.00000596E-3,
,,,37.57999837E-3,800.000011921E-3,
,,,37.59999946E-3,400.00000596E-3,
,,,37.62000054E-3,800.000011921E-3,
,,,37.63999790E-3,400.00000596E-3,
,,,37.65999898E-3,600.000023842E-3,
,,,37.68000007E-3,400.00000596E-3,
,,,37.69999743E-3,800.000011921E-3,
,,,37.71999851E-3,600.000023842E-3,
,,,37.73999959E-3,800.000011921E-3,
,,,37.75999695E-3,600.000023842E-3,
,,,37.77999803E-3,800.000011921E-3,
,,,37.79999912E-3,600.000023842E-3,
,,,37.82000020E-3,800.000011921E-3,
,,,37.83999756E-3,600.000023842E-3,
,,,37.85999864E-3,800.000011921E-3,
,,,37.87999973E-3,600.000023842E-3,
,,,37.89999709E-3,800.000011921E-3,
,,,37.91999817E-3,600.000023842E-3,
,,,37.93999925E-3,800.000011921E-3,
,,,37.96000034E-3,600.000023842E-3,
,,,37.97999769E-3,800.000011921E-3,
,,,37.99999878E-3,600.000023842E-3,
,,,38.01999986E-3,800.000011921E-3,
,,,38.03999722E-3,600.000023842E-3,
,,,38.05999830E-3,800.000011921E-3,
,,,38.07999939E-3,600.000023842E-3,
,,,38.10000047E-3,800.000011921E-3,
,,,38.11999783E-3,600.000023842E-3,
,,,38.13999891E-3,800.000011921E-3,
,,,38.16000000E-3,600.000023842E-3,
,,,38.17999735E-3,800.000011921E-3,
,,,38.19999844E-3,600.000023842E-3,
,,,38.21999952E-3,800.000011921E-3,
,,,38.23999688E-3,600.000023842E-3,
,,,38.25999796E-3,800.000011921E-3,
,,,38.27999905E-3,400.00000596E-3,
,,,38.30000013E-3,800.000011921E-3,
,,,38.31999749E-3,600.000023842E-3,
,,,38.33999857E-3,800.000011921E-3,
,,,38.35999966E-3,600.000023842E-3,
,,,38.37999701E-3,600.000023842E-3,
,,,38.39999810E-3,600.000023842E-3,
,,,38.41999918E-3,800.000011921E-3,
,,,38.44000027E-3,600.000023842E-3,
,,,38.45999762E-3,600.000023842E-3,
,,,38.47999871E-3,400.00000596E-3,
,,,38.49999979E-3,800.000011921E-3,
,,,38.51999715E-3,400.00000596E-3,
,,,38.53999823E-3,800.000011921E-3,
,,,38.55999932E-3,600.000023842E-3,
,,,38.58000040E-3,600.000023842E-3,
,,,38.59999776E-3,400.00000596E-3,
,,,38.61999884E-3,600.000023842E-3,
,,,38.63999993E-3,600.000023842E-3,
,,,38.65999728E-3,600.000023842E-3,
,,,38.67999837E-3,400.00000596E-3,
,,,38.69999945E-3,800.000011921E-3,
,,,38.71999681E-3,400.00000596E-3,
,,,38.73999789E-3,800.000011921E-3,
,,,38.75999898E-3,400.00000596E-3,
,,,38.78000006E-3,600.000023842E-3,
,,,38.79999742E-3,400.00000596E-3,
,,,38.81999850E-3,600.000023842E-3,
,,,38.83999959E-3,600.000023842E-3,
,,,38.85999694E-3,800.000011921E-3,
,,,38.87999803E-3,400.00000596E-3,
,,,38.89999911E-3,600.000023842E-3,
,,,38.92000020E-3,400.00000596E-3,
,,,38.93999755E-3,800.000011921E-3,
,,,38.95999864E-3,600.000023842E-3,
,,,38.97999972E-3,600.000023842E-3,
,,,38.99999708E-3,600.000023842E-3,
,,,39.01999816E-3,1.000000,
,,,39.03999925E-3,600.000023842E-3,
,,,39.06000033E-3,800.000011921E-3,
,,,39.07999769E-3,400.00000596E-3,
,,,39.09999877E-3,800.000011921E-3,
,,,39.11999986E-3,600.000023842E-3,
,,,39.13999721E-3,800.000011921E-3,
,,,39.15999830E-3,600.000023842E-3,
,,,39.17999938E-3,600.000023842E-3,
,,,39.20000046E-3,400.00000596E-3,
,,,39.21999782E-3,800.000011921E-3,
,,,39.23999891E-3,600.000023842E-3,
,,,39.25999999E-3,800.000011921E-3,
,,,39.27999735E-3,600.000023842E-3,
,,,39.29999843E-3,800.000011921E-3,
,,,39.31999952E-3,400.00000596E-3,
,,,39.33999687E-3,800.000011921E-3,
,,,39.35999796E-3,600.000023842E-3,
,,,39.37999904E-3,800.000011921E-3,
,,,39.40000013E-3,400.00000596E-3,
,,,39.41999748E-3,800.000011921E-3,
,,,39.43999857E-3,600.000023842E-3,
,,,39.45999965E-3,800.000011921E-3,
,,,39.47999701E-3,600.000023842E-3,
,,,39.49999809E-3,800.000011921E-3,
,,,39.51999918E-3,400.00000596E-3,
,,,39.54000026E-3,800.000011921E-3,
,,,39.55999762E-3,600.000023842E-3,
,,,39.57999870E-3,800.000011921E-3,
,,,39.59999979E-3,600.000023842E-3,
,,,39.61999714E-3,800.000011921E-3,
,,,39.63999823E-3,600.000023842E-3,
,,,39.65999931E-3,800.000011921E-3,
,,,39.68000039E-3,400.00000596E-3,
,,,39.69999775E-3,800.000011921E-3,
,,,39.71999884E-3,600.000023842E-3,
,,,39.73999992E-3,800.000011921E-3,
,,,39.75999728E-3,600.000023842E-3,
,,,39.77999836E-3,800.000011921E-3,
,,,39.79999945E-3,400.00000596E-3,
,,,39.81999680E-3,800.000011921E-3,
,,,39.83999789E-3,600.000023842E-3,
,,,39.85999897E-3,800.000011921E-3,
,,,39.88000005E-3,600.000023842E-3,
,,,39.89999741E-3,800.000011921E-3,
,,,39.91999850E-3,400.00000596E-3,
,,,39.93999958E-3,800.000011921E-3,
,,,39.95999694E-3,400.00000596E-3,
,,,39.97999802E-3,800.000011921E-3,
,,,39.99999911E-3,400.00000596E-3,
,,,40.02000019E-3,800.000011921E-3,
,,,40.03999755E-3,400.00000596E-3,
,,,40.05999863E-3,600.000023842E-3,
,,,40.07999972E-3,400.00000596E-3,
,,,40.09999707E-3,600.000023842E-3,
,,,40.11999816E-3,600.000023842E-3,
,,,40.13999924E-3,800.000011921E-3,
,,,40.16000032E-3,400.00000596E-3,
,,,40.17999768E-3,800.000011921E-3,
